"OUTLET","CORRELATION","OUTLET_PRESS_SIZE","QUANTITY_OF_SEASONS","OUTLET_SOCIAL_SIZE","FINAL_INDEX","SEASON","PROGRAM"
"gamespot",9,7,3,8,6.8,"1","BETTER CALL SAUL"
"gizmodo",10,8,2,7,6.8,"1","BETTER CALL SAUL"
"cbr",8,6,3,8,6.2,"1","BETTER CALL SAUL"
"newsweek",9,5,2,9,6.2,"1","BETTER CALL SAUL"
"popsugar",7,7,4,3,5.2,"1","BETTER CALL SAUL"
"refinery29",3,6,2,10,5.2,"1","BETTER CALL SAUL"
"collider",7,3,8,2,5,"1","BETTER CALL SAUL"
"ajc",8,5,5,1,4.8,"1","BETTER CALL SAUL"
"aptv",10,6,2,1,4.8,"1","BETTER CALL SAUL"
"blastingnews",9,8,1,1,4.8,"1","BETTER CALL SAUL"
"fandom",10,7,1,1,4.8,"1","BETTER CALL SAUL"
"justjared",6,4,4,5,4.8,"1","BETTER CALL SAUL"
"sfgate",6,7,5,1,4.8,"1","BETTER CALL SAUL"
"thr",10,7,1,1,4.8,"1","BETTER CALL SAUL"
"usnews",9,7,2,1,4.8,"1","BETTER CALL SAUL"
"cheatsheet",9,5,3,1,4.5,"1","BETTER CALL SAUL"
"conan",9,7,1,1,4.5,"1","BETTER CALL SAUL"
"heavy",8,5,4,1,4.5,"1","BETTER CALL SAUL"
"411mania",8,3,5,1,4.2,"1","BETTER CALL SAUL"
"chron",7,7,2,1,4.2,"1","BETTER CALL SAUL"
"e!online",7,7,2,1,4.2,"1","BETTER CALL SAUL"
"hiddenremote",7,1,5,4,4.2,"1","BETTER CALL SAUL"
"inquistr",10,5,1,1,4.2,"1","BETTER CALL SAUL"
"usmagazine",6,7,3,1,4.2,"1","BETTER CALL SAUL"
"bleedingcool",6,2,6,2,4,"1","BETTER CALL SAUL"
"imdb",6,10,7,8,7.8,"2","BETTER CALL SAUL"
"mashable",7,7,6,9,7.2,"2","BETTER CALL SAUL"
"engadget",8,7,5,7,6.8,"2","BETTER CALL SAUL"
"gamespot",9,7,3,8,6.8,"2","BETTER CALL SAUL"
"gizmodo",10,8,2,7,6.8,"2","BETTER CALL SAUL"
"newyorktimes",7,5,8,7,6.8,"2","BETTER CALL SAUL"
"buzzfeed",6,8,3,9,6.5,"2","BETTER CALL SAUL"
"cbr",8,6,3,8,6.2,"2","BETTER CALL SAUL"
"newsweek",9,5,2,9,6.2,"2","BETTER CALL SAUL"
"comicbook",8,5,7,4,6,"2","BETTER CALL SAUL"
"digitalspy",7,7,7,3,6,"2","BETTER CALL SAUL"
"cnn",9,8,5,1,5.8,"2","BETTER CALL SAUL"
"tvline",6,5,9,3,5.8,"2","BETTER CALL SAUL"
"dailybeast",5,6,5,6,5.5,"2","BETTER CALL SAUL"
"gamesradar",9,6,1,6,5.5,"2","BETTER CALL SAUL"
"businessinsider",7,8,5,1,5.2,"2","BETTER CALL SAUL"
"dailymail",6,9,5,1,5.2,"2","BETTER CALL SAUL"
"fox",9,7,4,1,5.2,"2","BETTER CALL SAUL"
"popsugar",7,7,4,3,5.2,"2","BETTER CALL SAUL"
"refinery29",3,6,2,10,5.2,"2","BETTER CALL SAUL"
"screenrant",7,5,7,2,5.2,"2","BETTER CALL SAUL"
"hollywoodlife",6,5,5,4,5,"2","BETTER CALL SAUL"
"moviefone",9,5,5,1,5,"2","BETTER CALL SAUL"
"msn",7,8,4,1,5,"2","BETTER CALL SAUL"
"rottentomatoes",6,7,6,1,5,"2","BETTER CALL SAUL"
"forbes",7,8,6,10,7.8,"3","BETTER CALL SAUL"
"imdb",6,10,7,8,7.8,"3","BETTER CALL SAUL"
"gizmodo",10,8,2,7,6.8,"3","BETTER CALL SAUL"
"independent",8,8,4,7,6.8,"3","BETTER CALL SAUL"
"verge",8,6,5,7,6.5,"3","BETTER CALL SAUL"
"wallstreetjournal",6,5,5,10,6.5,"3","BETTER CALL SAUL"
"cbr",8,6,3,8,6.2,"3","BETTER CALL SAUL"
"newsweek",9,5,2,9,6.2,"3","BETTER CALL SAUL"
"usweekly",7,5,5,7,6,"3","BETTER CALL SAUL"
"dailybeast",5,6,5,6,5.5,"3","BETTER CALL SAUL"
"gamesradar",9,6,1,6,5.5,"3","BETTER CALL SAUL"
"dailymail",6,9,5,1,5.2,"3","BETTER CALL SAUL"
"eonline",9,7,4,1,5.2,"3","BETTER CALL SAUL"
"popsugar",7,7,4,3,5.2,"3","BETTER CALL SAUL"
"refinery29",3,6,2,10,5.2,"3","BETTER CALL SAUL"
"bostonglobe",7,3,5,5,5,"3","BETTER CALL SAUL"
"hollywoodlife",6,5,5,4,5,"3","BETTER CALL SAUL"
"msn",7,8,4,1,5,"3","BETTER CALL SAUL"
"parade",7,6,6,1,5,"3","BETTER CALL SAUL"
"vogue",3,4,3,10,5,"3","BETTER CALL SAUL"
"wsj",6,7,6,1,5,"3","BETTER CALL SAUL"
"ajc",8,5,5,1,4.8,"3","BETTER CALL SAUL"
"aptv",10,6,2,1,4.8,"3","BETTER CALL SAUL"
"blastingnews",9,8,1,1,4.8,"3","BETTER CALL SAUL"
"digitaltrends",10,7,1,1,4.8,"3","BETTER CALL SAUL"
"forbes",7,8,6,10,7.8,"4","BETTER CALL SAUL"
"gizmodo",10,8,2,7,6.8,"4","BETTER CALL SAUL"
"independent",8,8,4,7,6.8,"4","BETTER CALL SAUL"
"newyorktimes",7,5,8,7,6.8,"4","BETTER CALL SAUL"
"buzzfeed",6,8,3,9,6.5,"4","BETTER CALL SAUL"
"verge",8,6,5,7,6.5,"4","BETTER CALL SAUL"
"wallstreetjournal",6,5,5,10,6.5,"4","BETTER CALL SAUL"
"cbr",8,6,3,8,6.2,"4","BETTER CALL SAUL"
"comicbook",8,5,7,4,6,"4","BETTER CALL SAUL"
"losangelestimes",5,5,7,7,6,"4","BETTER CALL SAUL"
"usweekly",7,5,5,7,6,"4","BETTER CALL SAUL"
"cnn",9,8,5,1,5.8,"4","BETTER CALL SAUL"
"vulture",6,4,8,4,5.5,"4","BETTER CALL SAUL"
"businessinsider",7,8,5,1,5.2,"4","BETTER CALL SAUL"
"cleveland",9,4,7,1,5.2,"4","BETTER CALL SAUL"
"eonline",9,7,4,1,5.2,"4","BETTER CALL SAUL"
"ibtimes",8,5,6,2,5.2,"4","BETTER CALL SAUL"
"newyorkdailynews",9,2,5,5,5.2,"4","BETTER CALL SAUL"
"popsugar",7,7,4,3,5.2,"4","BETTER CALL SAUL"
"refinery29",3,6,2,10,5.2,"4","BETTER CALL SAUL"
"hollywoodlife",6,5,5,4,5,"4","BETTER CALL SAUL"
"ajc",8,5,5,1,4.8,"4","BETTER CALL SAUL"
"digitaltrends",10,7,1,1,4.8,"4","BETTER CALL SAUL"
"examiner",9,5,4,1,4.8,"4","BETTER CALL SAUL"
"fandom",10,7,1,1,4.8,"4","BETTER CALL SAUL"
"forbes",7,8,6,10,7.8,"1","DIETLAND"
"mashable",7,7,6,9,7.2,"1","DIETLAND"
"vanityfair",9,5,6,8,7,"1","DIETLAND"
"engadget",8,7,5,7,6.8,"1","DIETLAND"
"gamespot",9,7,3,8,6.8,"1","DIETLAND"
"gizmodo",10,8,2,7,6.8,"1","DIETLAND"
"newyorktimes",7,5,8,7,6.8,"1","DIETLAND"
"buzzfeed",6,8,3,9,6.5,"1","DIETLAND"
"verge",8,6,5,7,6.5,"1","DIETLAND"
"wallstreetjournal",6,5,5,10,6.5,"1","DIETLAND"
"cbr",8,6,3,8,6.2,"1","DIETLAND"
"comicbook",8,5,7,4,6,"1","DIETLAND"
"losangelestimes",5,5,7,7,6,"1","DIETLAND"
"uproxx",8,5,9,2,6,"1","DIETLAND"
"usweekly",7,5,5,7,6,"1","DIETLAND"
"gamesradar",9,6,1,6,5.5,"1","DIETLAND"
"businessinsider",7,8,5,1,5.2,"1","DIETLAND"
"fox",9,7,4,1,5.2,"1","DIETLAND"
"newyorkdailynews",9,2,5,5,5.2,"1","DIETLAND"
"rottentomatoes",6,7,6,1,5,"1","DIETLAND"
"wsj",6,7,6,1,5,"1","DIETLAND"
"aptv",10,6,2,1,4.8,"1","DIETLAND"
"blastingnews",9,8,1,1,4.8,"1","DIETLAND"
"digitaltrends",10,7,1,1,4.8,"1","DIETLAND"
"examiner",9,5,4,1,4.8,"1","DIETLAND"
"gamespot",9,7,3,8,6.8,"1","FEAR THE WALKING DEAD"
"gizmodo",10,8,2,7,6.8,"1","FEAR THE WALKING DEAD"
"independent",8,8,4,7,6.8,"1","FEAR THE WALKING DEAD"
"buzzfeed",6,8,3,9,6.5,"1","FEAR THE WALKING DEAD"
"wallstreetjournal",6,5,5,10,6.5,"1","FEAR THE WALKING DEAD"
"cbr",8,6,3,8,6.2,"1","FEAR THE WALKING DEAD"
"newsweek",9,5,2,9,6.2,"1","FEAR THE WALKING DEAD"
"salon",7,6,4,6,5.8,"1","FEAR THE WALKING DEAD"
"gamesradar",9,6,1,6,5.5,"1","FEAR THE WALKING DEAD"
"businessinsider",7,8,5,1,5.2,"1","FEAR THE WALKING DEAD"
"popsugar",7,7,4,3,5.2,"1","FEAR THE WALKING DEAD"
"refinery29",3,6,2,10,5.2,"1","FEAR THE WALKING DEAD"
"screenrant",7,5,7,2,5.2,"1","FEAR THE WALKING DEAD"
"bostonglobe",7,3,5,5,5,"1","FEAR THE WALKING DEAD"
"hollywoodlife",6,5,5,4,5,"1","FEAR THE WALKING DEAD"
"parade",7,6,6,1,5,"1","FEAR THE WALKING DEAD"
"rottentomatoes",6,7,6,1,5,"1","FEAR THE WALKING DEAD"
"vogue",3,4,3,10,5,"1","FEAR THE WALKING DEAD"
"blastingnews",9,8,1,1,4.8,"1","FEAR THE WALKING DEAD"
"digitaltrends",10,7,1,1,4.8,"1","FEAR THE WALKING DEAD"
"fandom",10,7,1,1,4.8,"1","FEAR THE WALKING DEAD"
"goodmorningamerica",6,4,1,8,4.8,"1","FEAR THE WALKING DEAD"
"huffingtonpostlive",9,8,1,1,4.8,"1","FEAR THE WALKING DEAD"
"justjared",6,4,4,5,4.8,"1","FEAR THE WALKING DEAD"
"metro",8,5,5,1,4.8,"1","FEAR THE WALKING DEAD"
"imdb",6,10,7,8,7.8,"2A","FEAR THE WALKING DEAD"
"vanityfair",9,5,6,8,7,"2A","FEAR THE WALKING DEAD"
"engadget",8,7,5,7,6.8,"2A","FEAR THE WALKING DEAD"
"gamespot",9,7,3,8,6.8,"2A","FEAR THE WALKING DEAD"
"gizmodo",10,8,2,7,6.8,"2A","FEAR THE WALKING DEAD"
"independent",8,8,4,7,6.8,"2A","FEAR THE WALKING DEAD"
"people",6,6,6,9,6.8,"2A","FEAR THE WALKING DEAD"
"buzzfeed",6,8,3,9,6.5,"2A","FEAR THE WALKING DEAD"
"wallstreetjournal",6,5,5,10,6.5,"2A","FEAR THE WALKING DEAD"
"cbr",8,6,3,8,6.2,"2A","FEAR THE WALKING DEAD"
"newsweek",9,5,2,9,6.2,"2A","FEAR THE WALKING DEAD"
"indiewire",6,4,8,6,6,"2A","FEAR THE WALKING DEAD"
"losangelestimes",5,5,7,7,6,"2A","FEAR THE WALKING DEAD"
"usweekly",7,5,5,7,6,"2A","FEAR THE WALKING DEAD"
"salon",7,6,4,6,5.8,"2A","FEAR THE WALKING DEAD"
"dailybeast",5,6,5,6,5.5,"2A","FEAR THE WALKING DEAD"
"gamesradar",9,6,1,6,5.5,"2A","FEAR THE WALKING DEAD"
"washingtonpost",6,7,8,1,5.5,"2A","FEAR THE WALKING DEAD"
"businessinsider",7,8,5,1,5.2,"2A","FEAR THE WALKING DEAD"
"dailymail",6,9,5,1,5.2,"2A","FEAR THE WALKING DEAD"
"fox",9,7,4,1,5.2,"2A","FEAR THE WALKING DEAD"
"newyorkdailynews",9,2,5,5,5.2,"2A","FEAR THE WALKING DEAD"
"popsugar",7,7,4,3,5.2,"2A","FEAR THE WALKING DEAD"
"refinery29",3,6,2,10,5.2,"2A","FEAR THE WALKING DEAD"
"screenrant",7,5,7,2,5.2,"2A","FEAR THE WALKING DEAD"
"vanityfair",9,5,6,8,7,"2B","FEAR THE WALKING DEAD"
"gamespot",9,7,3,8,6.8,"2B","FEAR THE WALKING DEAD"
"gizmodo",10,8,2,7,6.8,"2B","FEAR THE WALKING DEAD"
"independent",8,8,4,7,6.8,"2B","FEAR THE WALKING DEAD"
"people",6,6,6,9,6.8,"2B","FEAR THE WALKING DEAD"
"buzzfeed",6,8,3,9,6.5,"2B","FEAR THE WALKING DEAD"
"wallstreetjournal",6,5,5,10,6.5,"2B","FEAR THE WALKING DEAD"
"cbr",8,6,3,8,6.2,"2B","FEAR THE WALKING DEAD"
"newsweek",9,5,2,9,6.2,"2B","FEAR THE WALKING DEAD"
"digitalspy",7,7,7,3,6,"2B","FEAR THE WALKING DEAD"
"huffingtonpost",9,8,6,1,6,"2B","FEAR THE WALKING DEAD"
"losangelestimes",5,5,7,7,6,"2B","FEAR THE WALKING DEAD"
"cnn",9,8,5,1,5.8,"2B","FEAR THE WALKING DEAD"
"salon",7,6,4,6,5.8,"2B","FEAR THE WALKING DEAD"
"dailybeast",5,6,5,6,5.5,"2B","FEAR THE WALKING DEAD"
"gamesradar",9,6,1,6,5.5,"2B","FEAR THE WALKING DEAD"
"businessinsider",7,8,5,1,5.2,"2B","FEAR THE WALKING DEAD"
"cleveland",9,4,7,1,5.2,"2B","FEAR THE WALKING DEAD"
"eonline",9,7,4,1,5.2,"2B","FEAR THE WALKING DEAD"
"fox",9,7,4,1,5.2,"2B","FEAR THE WALKING DEAD"
"latimes",6,6,8,1,5.2,"2B","FEAR THE WALKING DEAD"
"newyorkdailynews",9,2,5,5,5.2,"2B","FEAR THE WALKING DEAD"
"popsugar",7,7,4,3,5.2,"2B","FEAR THE WALKING DEAD"
"refinery29",3,6,2,10,5.2,"2B","FEAR THE WALKING DEAD"
"screenrant",7,5,7,2,5.2,"2B","FEAR THE WALKING DEAD"
"imdb",6,10,7,8,7.8,"3A","FEAR THE WALKING DEAD"
"rollingstone",7,6,7,9,7.2,"3A","FEAR THE WALKING DEAD"
"gamespot",9,7,3,8,6.8,"3A","FEAR THE WALKING DEAD"
"gizmodo",10,8,2,7,6.8,"3A","FEAR THE WALKING DEAD"
"independent",8,8,4,7,6.8,"3A","FEAR THE WALKING DEAD"
"people",6,6,6,9,6.8,"3A","FEAR THE WALKING DEAD"
"buzzfeed",6,8,3,9,6.5,"3A","FEAR THE WALKING DEAD"
"verge",8,6,5,7,6.5,"3A","FEAR THE WALKING DEAD"
"wallstreetjournal",6,5,5,10,6.5,"3A","FEAR THE WALKING DEAD"
"newsweek",9,5,2,9,6.2,"3A","FEAR THE WALKING DEAD"
"wrap",8,4,8,5,6.2,"3A","FEAR THE WALKING DEAD"
"huffingtonpost",9,8,6,1,6,"3A","FEAR THE WALKING DEAD"
"losangelestimes",5,5,7,7,6,"3A","FEAR THE WALKING DEAD"
"cnn",9,8,5,1,5.8,"3A","FEAR THE WALKING DEAD"
"salon",7,6,4,6,5.8,"3A","FEAR THE WALKING DEAD"
"dailybeast",5,6,5,6,5.5,"3A","FEAR THE WALKING DEAD"
"gamesradar",9,6,1,6,5.5,"3A","FEAR THE WALKING DEAD"
"nytimes",7,7,7,1,5.5,"3A","FEAR THE WALKING DEAD"
"vulture",6,4,8,4,5.5,"3A","FEAR THE WALKING DEAD"
"washingtonpost",6,7,8,1,5.5,"3A","FEAR THE WALKING DEAD"
"businessinsider",7,8,5,1,5.2,"3A","FEAR THE WALKING DEAD"
"dailymail",6,9,5,1,5.2,"3A","FEAR THE WALKING DEAD"
"eonline",9,7,4,1,5.2,"3A","FEAR THE WALKING DEAD"
"fox",9,7,4,1,5.2,"3A","FEAR THE WALKING DEAD"
"latimes",6,6,8,1,5.2,"3A","FEAR THE WALKING DEAD"
"rollingstone",7,6,7,9,7.2,"3B","FEAR THE WALKING DEAD"
"variety",8,4,10,7,7.2,"3B","FEAR THE WALKING DEAD"
"vanityfair",9,5,6,8,7,"3B","FEAR THE WALKING DEAD"
"independent",8,8,4,7,6.8,"3B","FEAR THE WALKING DEAD"
"people",6,6,6,9,6.8,"3B","FEAR THE WALKING DEAD"
"buzzfeed",6,8,3,9,6.5,"3B","FEAR THE WALKING DEAD"
"verge",8,6,5,7,6.5,"3B","FEAR THE WALKING DEAD"
"wallstreetjournal",6,5,5,10,6.5,"3B","FEAR THE WALKING DEAD"
"newsweek",9,5,2,9,6.2,"3B","FEAR THE WALKING DEAD"
"wrap",8,4,8,5,6.2,"3B","FEAR THE WALKING DEAD"
"avclub",6,6,8,4,6,"3B","FEAR THE WALKING DEAD"
"usweekly",7,5,5,7,6,"3B","FEAR THE WALKING DEAD"
"cnn",9,8,5,1,5.8,"3B","FEAR THE WALKING DEAD"
"salon",7,6,4,6,5.8,"3B","FEAR THE WALKING DEAD"
"dailybeast",5,6,5,6,5.5,"3B","FEAR THE WALKING DEAD"
"gamesradar",9,6,1,6,5.5,"3B","FEAR THE WALKING DEAD"
"nytimes",7,7,7,1,5.5,"3B","FEAR THE WALKING DEAD"
"washingtonpost",6,7,8,1,5.5,"3B","FEAR THE WALKING DEAD"
"businessinsider",7,8,5,1,5.2,"3B","FEAR THE WALKING DEAD"
"cleveland",9,4,7,1,5.2,"3B","FEAR THE WALKING DEAD"
"dailymail",6,9,5,1,5.2,"3B","FEAR THE WALKING DEAD"
"eonline",9,7,4,1,5.2,"3B","FEAR THE WALKING DEAD"
"fox",9,7,4,1,5.2,"3B","FEAR THE WALKING DEAD"
"newyorkdailynews",9,2,5,5,5.2,"3B","FEAR THE WALKING DEAD"
"popsugar",7,7,4,3,5.2,"3B","FEAR THE WALKING DEAD"
"rollingstone",7,6,7,9,7.2,"4A","FEAR THE WALKING DEAD"
"engadget",8,7,5,7,6.8,"4A","FEAR THE WALKING DEAD"
"newyorktimes",7,5,8,7,6.8,"4A","FEAR THE WALKING DEAD"
"people",6,6,6,9,6.8,"4A","FEAR THE WALKING DEAD"
"buzzfeed",6,8,3,9,6.5,"4A","FEAR THE WALKING DEAD"
"verge",8,6,5,7,6.5,"4A","FEAR THE WALKING DEAD"
"wallstreetjournal",6,5,5,10,6.5,"4A","FEAR THE WALKING DEAD"
"huffingtonpost",9,8,6,1,6,"4A","FEAR THE WALKING DEAD"
"indiewire",6,4,8,6,6,"4A","FEAR THE WALKING DEAD"
"usweekly",7,5,5,7,6,"4A","FEAR THE WALKING DEAD"
"salon",7,6,4,6,5.8,"4A","FEAR THE WALKING DEAD"
"dailybeast",5,6,5,6,5.5,"4A","FEAR THE WALKING DEAD"
"gamesradar",9,6,1,6,5.5,"4A","FEAR THE WALKING DEAD"
"nytimes",7,7,7,1,5.5,"4A","FEAR THE WALKING DEAD"
"vulture",6,4,8,4,5.5,"4A","FEAR THE WALKING DEAD"
"washingtonpost",6,7,8,1,5.5,"4A","FEAR THE WALKING DEAD"
"businessinsider",7,8,5,1,5.2,"4A","FEAR THE WALKING DEAD"
"dailymail",6,9,5,1,5.2,"4A","FEAR THE WALKING DEAD"
"eonline",9,7,4,1,5.2,"4A","FEAR THE WALKING DEAD"
"latimes",6,6,8,1,5.2,"4A","FEAR THE WALKING DEAD"
"refinery29",3,6,2,10,5.2,"4A","FEAR THE WALKING DEAD"
"bostonglobe",7,3,5,5,5,"4A","FEAR THE WALKING DEAD"
"parade",7,6,6,1,5,"4A","FEAR THE WALKING DEAD"
"time",7,6,6,1,5,"4A","FEAR THE WALKING DEAD"
"vogue",3,4,3,10,5,"4A","FEAR THE WALKING DEAD"
"yahoo",8,9,10,5,8,"4B","FEAR THE WALKING DEAD"
"mashable",7,7,6,9,7.2,"4B","FEAR THE WALKING DEAD"
"rollingstone",7,6,7,9,7.2,"4B","FEAR THE WALKING DEAD"
"engadget",8,7,5,7,6.8,"4B","FEAR THE WALKING DEAD"
"gamespot",9,7,3,8,6.8,"4B","FEAR THE WALKING DEAD"
"gizmodo",10,8,2,7,6.8,"4B","FEAR THE WALKING DEAD"
"independent",8,8,4,7,6.8,"4B","FEAR THE WALKING DEAD"
"newyorktimes",7,5,8,7,6.8,"4B","FEAR THE WALKING DEAD"
"people",6,6,6,9,6.8,"4B","FEAR THE WALKING DEAD"
"buzzfeed",6,8,3,9,6.5,"4B","FEAR THE WALKING DEAD"
"verge",8,6,5,7,6.5,"4B","FEAR THE WALKING DEAD"
"wallstreetjournal",6,5,5,10,6.5,"4B","FEAR THE WALKING DEAD"
"newsweek",9,5,2,9,6.2,"4B","FEAR THE WALKING DEAD"
"avclub",6,6,8,4,6,"4B","FEAR THE WALKING DEAD"
"huffingtonpost",9,8,6,1,6,"4B","FEAR THE WALKING DEAD"
"losangelestimes",5,5,7,7,6,"4B","FEAR THE WALKING DEAD"
"usweekly",7,5,5,7,6,"4B","FEAR THE WALKING DEAD"
"cnn",9,8,5,1,5.8,"4B","FEAR THE WALKING DEAD"
"salon",7,6,4,6,5.8,"4B","FEAR THE WALKING DEAD"
"dailybeast",5,6,5,6,5.5,"4B","FEAR THE WALKING DEAD"
"gamesradar",9,6,1,6,5.5,"4B","FEAR THE WALKING DEAD"
"usatoday",6,7,8,1,5.5,"4B","FEAR THE WALKING DEAD"
"vulture",6,4,8,4,5.5,"4B","FEAR THE WALKING DEAD"
"businessinsider",7,8,5,1,5.2,"4B","FEAR THE WALKING DEAD"
"cleveland",9,4,7,1,5.2,"4B","FEAR THE WALKING DEAD"
"ew",9,6,10,9,8.5,"1","GEEKING OUT"
"ign",7,8,9,9,8.2,"1","GEEKING OUT"
"forbes",7,8,6,10,7.8,"1","GEEKING OUT"
"imdb",6,10,7,8,7.8,"1","GEEKING OUT"
"hollywoodreporter",8,6,9,7,7.5,"1","GEEKING OUT"
"tvguide",8,6,10,6,7.5,"1","GEEKING OUT"
"mashable",7,7,6,9,7.2,"1","GEEKING OUT"
"rollingstone",7,6,7,9,7.2,"1","GEEKING OUT"
"vanityfair",9,5,6,8,7,"1","GEEKING OUT"
"engadget",8,7,5,7,6.8,"1","GEEKING OUT"
"gamespot",9,7,3,8,6.8,"1","GEEKING OUT"
"gizmodo",10,8,2,7,6.8,"1","GEEKING OUT"
"independent",8,8,4,7,6.8,"1","GEEKING OUT"
"newyorktimes",7,5,8,7,6.8,"1","GEEKING OUT"
"people",6,6,6,9,6.8,"1","GEEKING OUT"
"buzzfeed",6,8,3,9,6.5,"1","GEEKING OUT"
"verge",8,6,5,7,6.5,"1","GEEKING OUT"
"wallstreetjournal",6,5,5,10,6.5,"1","GEEKING OUT"
"cbr",8,6,3,8,6.2,"1","GEEKING OUT"
"newsweek",9,5,2,9,6.2,"1","GEEKING OUT"
"wrap",8,4,8,5,6.2,"1","GEEKING OUT"
"digitalspy",7,7,7,3,6,"1","GEEKING OUT"
"huffingtonpost",9,8,6,1,6,"1","GEEKING OUT"
"indiewire",6,4,8,6,6,"1","GEEKING OUT"
"losangelestimes",5,5,7,7,6,"1","GEEKING OUT"
"vanityfair",9,5,6,8,7,"1","HALT AND CATCH FIRE"
"gamespot",9,7,3,8,6.8,"1","HALT AND CATCH FIRE"
"gizmodo",10,8,2,7,6.8,"1","HALT AND CATCH FIRE"
"independent",8,8,4,7,6.8,"1","HALT AND CATCH FIRE"
"people",6,6,6,9,6.8,"1","HALT AND CATCH FIRE"
"verge",8,6,5,7,6.5,"1","HALT AND CATCH FIRE"
"cbr",8,6,3,8,6.2,"1","HALT AND CATCH FIRE"
"newsweek",9,5,2,9,6.2,"1","HALT AND CATCH FIRE"
"usweekly",7,5,5,7,6,"1","HALT AND CATCH FIRE"
"salon",7,6,4,6,5.8,"1","HALT AND CATCH FIRE"
"gamesradar",9,6,1,6,5.5,"1","HALT AND CATCH FIRE"
"dailymail",6,9,5,1,5.2,"1","HALT AND CATCH FIRE"
"fox",9,7,4,1,5.2,"1","HALT AND CATCH FIRE"
"ibtimes",8,5,6,2,5.2,"1","HALT AND CATCH FIRE"
"popsugar",7,7,4,3,5.2,"1","HALT AND CATCH FIRE"
"refinery29",3,6,2,10,5.2,"1","HALT AND CATCH FIRE"
"screenrant",7,5,7,2,5.2,"1","HALT AND CATCH FIRE"
"hollywoodlife",6,5,5,4,5,"1","HALT AND CATCH FIRE"
"moviefone",9,5,5,1,5,"1","HALT AND CATCH FIRE"
"msn",7,8,4,1,5,"1","HALT AND CATCH FIRE"
"parade",7,6,6,1,5,"1","HALT AND CATCH FIRE"
"rottentomatoes",6,7,6,1,5,"1","HALT AND CATCH FIRE"
"ajc",8,5,5,1,4.8,"1","HALT AND CATCH FIRE"
"aptv",10,6,2,1,4.8,"1","HALT AND CATCH FIRE"
"blastingnews",9,8,1,1,4.8,"1","HALT AND CATCH FIRE"
"forbes",7,8,6,10,7.8,"2","HALT AND CATCH FIRE"
"hollywoodreporter",8,6,9,7,7.5,"2","HALT AND CATCH FIRE"
"vanityfair",9,5,6,8,7,"2","HALT AND CATCH FIRE"
"engadget",8,7,5,7,6.8,"2","HALT AND CATCH FIRE"
"gamespot",9,7,3,8,6.8,"2","HALT AND CATCH FIRE"
"gizmodo",10,8,2,7,6.8,"2","HALT AND CATCH FIRE"
"independent",8,8,4,7,6.8,"2","HALT AND CATCH FIRE"
"newyorktimes",7,5,8,7,6.8,"2","HALT AND CATCH FIRE"
"people",6,6,6,9,6.8,"2","HALT AND CATCH FIRE"
"buzzfeed",6,8,3,9,6.5,"2","HALT AND CATCH FIRE"
"wallstreetjournal",6,5,5,10,6.5,"2","HALT AND CATCH FIRE"
"cbr",8,6,3,8,6.2,"2","HALT AND CATCH FIRE"
"newsweek",9,5,2,9,6.2,"2","HALT AND CATCH FIRE"
"avclub",6,6,8,4,6,"2","HALT AND CATCH FIRE"
"comicbook",8,5,7,4,6,"2","HALT AND CATCH FIRE"
"indiewire",6,4,8,6,6,"2","HALT AND CATCH FIRE"
"losangelestimes",5,5,7,7,6,"2","HALT AND CATCH FIRE"
"uproxx",8,5,9,2,6,"2","HALT AND CATCH FIRE"
"usweekly",7,5,5,7,6,"2","HALT AND CATCH FIRE"
"salon",7,6,4,6,5.8,"2","HALT AND CATCH FIRE"
"cinemablend",8,6,7,1,5.5,"2","HALT AND CATCH FIRE"
"dailybeast",5,6,5,6,5.5,"2","HALT AND CATCH FIRE"
"gamesradar",9,6,1,6,5.5,"2","HALT AND CATCH FIRE"
"usatoday",6,7,8,1,5.5,"2","HALT AND CATCH FIRE"
"washingtonpost",6,7,8,1,5.5,"2","HALT AND CATCH FIRE"
"ew",9,6,10,9,8.5,"3","HALT AND CATCH FIRE"
"ign",7,8,9,9,8.2,"3","HALT AND CATCH FIRE"
"yahoo",8,9,10,5,8,"3","HALT AND CATCH FIRE"
"forbes",7,8,6,10,7.8,"3","HALT AND CATCH FIRE"
"imdb",6,10,7,8,7.8,"3","HALT AND CATCH FIRE"
"hollywoodreporter",8,6,9,7,7.5,"3","HALT AND CATCH FIRE"
"tvguide",8,6,10,6,7.5,"3","HALT AND CATCH FIRE"
"mashable",7,7,6,9,7.2,"3","HALT AND CATCH FIRE"
"rollingstone",7,6,7,9,7.2,"3","HALT AND CATCH FIRE"
"variety",8,4,10,7,7.2,"3","HALT AND CATCH FIRE"
"vanityfair",9,5,6,8,7,"3","HALT AND CATCH FIRE"
"deadline",7,5,10,5,6.8,"3","HALT AND CATCH FIRE"
"engadget",8,7,5,7,6.8,"3","HALT AND CATCH FIRE"
"gamespot",9,7,3,8,6.8,"3","HALT AND CATCH FIRE"
"gizmodo",10,8,2,7,6.8,"3","HALT AND CATCH FIRE"
"independent",8,8,4,7,6.8,"3","HALT AND CATCH FIRE"
"newyorktimes",7,5,8,7,6.8,"3","HALT AND CATCH FIRE"
"people",6,6,6,9,6.8,"3","HALT AND CATCH FIRE"
"buzzfeed",6,8,3,9,6.5,"3","HALT AND CATCH FIRE"
"verge",8,6,5,7,6.5,"3","HALT AND CATCH FIRE"
"wallstreetjournal",6,5,5,10,6.5,"3","HALT AND CATCH FIRE"
"cbr",8,6,3,8,6.2,"3","HALT AND CATCH FIRE"
"newsweek",9,5,2,9,6.2,"3","HALT AND CATCH FIRE"
"wrap",8,4,8,5,6.2,"3","HALT AND CATCH FIRE"
"avclub",6,6,8,4,6,"3","HALT AND CATCH FIRE"
"ign",7,8,9,9,8.2,"4","HALT AND CATCH FIRE"
"forbes",7,8,6,10,7.8,"4","HALT AND CATCH FIRE"
"imdb",6,10,7,8,7.8,"4","HALT AND CATCH FIRE"
"mashable",7,7,6,9,7.2,"4","HALT AND CATCH FIRE"
"rollingstone",7,6,7,9,7.2,"4","HALT AND CATCH FIRE"
"engadget",8,7,5,7,6.8,"4","HALT AND CATCH FIRE"
"gamespot",9,7,3,8,6.8,"4","HALT AND CATCH FIRE"
"gizmodo",10,8,2,7,6.8,"4","HALT AND CATCH FIRE"
"independent",8,8,4,7,6.8,"4","HALT AND CATCH FIRE"
"buzzfeed",6,8,3,9,6.5,"4","HALT AND CATCH FIRE"
"wallstreetjournal",6,5,5,10,6.5,"4","HALT AND CATCH FIRE"
"cbr",8,6,3,8,6.2,"4","HALT AND CATCH FIRE"
"newsweek",9,5,2,9,6.2,"4","HALT AND CATCH FIRE"
"comicbook",8,5,7,4,6,"4","HALT AND CATCH FIRE"
"digitalspy",7,7,7,3,6,"4","HALT AND CATCH FIRE"
"huffingtonpost",9,8,6,1,6,"4","HALT AND CATCH FIRE"
"usweekly",7,5,5,7,6,"4","HALT AND CATCH FIRE"
"cnn",9,8,5,1,5.8,"4","HALT AND CATCH FIRE"
"cinemablend",8,6,7,1,5.5,"4","HALT AND CATCH FIRE"
"dailybeast",5,6,5,6,5.5,"4","HALT AND CATCH FIRE"
"gamesradar",9,6,1,6,5.5,"4","HALT AND CATCH FIRE"
"usatoday",6,7,8,1,5.5,"4","HALT AND CATCH FIRE"
"businessinsider",7,8,5,1,5.2,"4","HALT AND CATCH FIRE"
"dailymail",6,9,5,1,5.2,"4","HALT AND CATCH FIRE"
"eonline",9,7,4,1,5.2,"4","HALT AND CATCH FIRE"
"ign",7,8,9,9,8.2,"4","HELL ON WHEELS"
"forbes",7,8,6,10,7.8,"4","HELL ON WHEELS"
"imdb",6,10,7,8,7.8,"4","HELL ON WHEELS"
"hollywoodreporter",8,6,9,7,7.5,"4","HELL ON WHEELS"
"mashable",7,7,6,9,7.2,"4","HELL ON WHEELS"
"rollingstone",7,6,7,9,7.2,"4","HELL ON WHEELS"
"variety",8,4,10,7,7.2,"4","HELL ON WHEELS"
"vanityfair",9,5,6,8,7,"4","HELL ON WHEELS"
"deadline",7,5,10,5,6.8,"4","HELL ON WHEELS"
"engadget",8,7,5,7,6.8,"4","HELL ON WHEELS"
"gamespot",9,7,3,8,6.8,"4","HELL ON WHEELS"
"gizmodo",10,8,2,7,6.8,"4","HELL ON WHEELS"
"independent",8,8,4,7,6.8,"4","HELL ON WHEELS"
"newyorktimes",7,5,8,7,6.8,"4","HELL ON WHEELS"
"buzzfeed",6,8,3,9,6.5,"4","HELL ON WHEELS"
"verge",8,6,5,7,6.5,"4","HELL ON WHEELS"
"wallstreetjournal",6,5,5,10,6.5,"4","HELL ON WHEELS"
"cbr",8,6,3,8,6.2,"4","HELL ON WHEELS"
"newsweek",9,5,2,9,6.2,"4","HELL ON WHEELS"
"avclub",6,6,8,4,6,"4","HELL ON WHEELS"
"comicbook",8,5,7,4,6,"4","HELL ON WHEELS"
"huffingtonpost",9,8,6,1,6,"4","HELL ON WHEELS"
"usweekly",7,5,5,7,6,"4","HELL ON WHEELS"
"cnn",9,8,5,1,5.8,"4","HELL ON WHEELS"
"salon",7,6,4,6,5.8,"4","HELL ON WHEELS"
"ign",7,8,9,9,8.2,"5A","HELL ON WHEELS"
"forbes",7,8,6,10,7.8,"5A","HELL ON WHEELS"
"imdb",6,10,7,8,7.8,"5A","HELL ON WHEELS"
"hollywoodreporter",8,6,9,7,7.5,"5A","HELL ON WHEELS"
"tvguide",8,6,10,6,7.5,"5A","HELL ON WHEELS"
"mashable",7,7,6,9,7.2,"5A","HELL ON WHEELS"
"rollingstone",7,6,7,9,7.2,"5A","HELL ON WHEELS"
"variety",8,4,10,7,7.2,"5A","HELL ON WHEELS"
"vanityfair",9,5,6,8,7,"5A","HELL ON WHEELS"
"deadline",7,5,10,5,6.8,"5A","HELL ON WHEELS"
"engadget",8,7,5,7,6.8,"5A","HELL ON WHEELS"
"gamespot",9,7,3,8,6.8,"5A","HELL ON WHEELS"
"gizmodo",10,8,2,7,6.8,"5A","HELL ON WHEELS"
"independent",8,8,4,7,6.8,"5A","HELL ON WHEELS"
"people",6,6,6,9,6.8,"5A","HELL ON WHEELS"
"buzzfeed",6,8,3,9,6.5,"5A","HELL ON WHEELS"
"verge",8,6,5,7,6.5,"5A","HELL ON WHEELS"
"wallstreetjournal",6,5,5,10,6.5,"5A","HELL ON WHEELS"
"cbr",8,6,3,8,6.2,"5A","HELL ON WHEELS"
"newsweek",9,5,2,9,6.2,"5A","HELL ON WHEELS"
"wrap",8,4,8,5,6.2,"5A","HELL ON WHEELS"
"avclub",6,6,8,4,6,"5A","HELL ON WHEELS"
"comicbook",8,5,7,4,6,"5A","HELL ON WHEELS"
"digitalspy",7,7,7,3,6,"5A","HELL ON WHEELS"
"indiewire",6,4,8,6,6,"5A","HELL ON WHEELS"
"mashable",7,7,6,9,7.2,"1","HUMANS"
"rollingstone",7,6,7,9,7.2,"1","HUMANS"
"vanityfair",9,5,6,8,7,"1","HUMANS"
"gamespot",9,7,3,8,6.8,"1","HUMANS"
"gizmodo",10,8,2,7,6.8,"1","HUMANS"
"buzzfeed",6,8,3,9,6.5,"1","HUMANS"
"wallstreetjournal",6,5,5,10,6.5,"1","HUMANS"
"cbr",8,6,3,8,6.2,"1","HUMANS"
"newsweek",9,5,2,9,6.2,"1","HUMANS"
"comicbook",8,5,7,4,6,"1","HUMANS"
"huffingtonpost",9,8,6,1,6,"1","HUMANS"
"cnn",9,8,5,1,5.8,"1","HUMANS"
"salon",7,6,4,6,5.8,"1","HUMANS"
"cinemablend",8,6,7,1,5.5,"1","HUMANS"
"gamesradar",9,6,1,6,5.5,"1","HUMANS"
"comingsoon",7,3,9,2,5.2,"1","HUMANS"
"eonline",9,7,4,1,5.2,"1","HUMANS"
"fox",9,7,4,1,5.2,"1","HUMANS"
"ibtimes",8,5,6,2,5.2,"1","HUMANS"
"popsugar",7,7,4,3,5.2,"1","HUMANS"
"refinery29",3,6,2,10,5.2,"1","HUMANS"
"bustle",7,6,6,1,5,"1","HUMANS"
"hollywoodlife",6,5,5,4,5,"1","HUMANS"
"moviefone",9,5,5,1,5,"1","HUMANS"
"msn",7,8,4,1,5,"1","HUMANS"
"forbes",7,8,6,10,7.8,"2","HUMANS"
"mashable",7,7,6,9,7.2,"2","HUMANS"
"rollingstone",7,6,7,9,7.2,"2","HUMANS"
"gamespot",9,7,3,8,6.8,"2","HUMANS"
"independent",8,8,4,7,6.8,"2","HUMANS"
"people",6,6,6,9,6.8,"2","HUMANS"
"buzzfeed",6,8,3,9,6.5,"2","HUMANS"
"verge",8,6,5,7,6.5,"2","HUMANS"
"wallstreetjournal",6,5,5,10,6.5,"2","HUMANS"
"cbr",8,6,3,8,6.2,"2","HUMANS"
"wrap",8,4,8,5,6.2,"2","HUMANS"
"comicbook",8,5,7,4,6,"2","HUMANS"
"huffingtonpost",9,8,6,1,6,"2","HUMANS"
"indiewire",6,4,8,6,6,"2","HUMANS"
"cnn",9,8,5,1,5.8,"2","HUMANS"
"salon",7,6,4,6,5.8,"2","HUMANS"
"tvline",6,5,9,3,5.8,"2","HUMANS"
"cinemablend",8,6,7,1,5.5,"2","HUMANS"
"dailybeast",5,6,5,6,5.5,"2","HUMANS"
"gamesradar",9,6,1,6,5.5,"2","HUMANS"
"nytimes",7,7,7,1,5.5,"2","HUMANS"
"businessinsider",7,8,5,1,5.2,"2","HUMANS"
"cleveland",9,4,7,1,5.2,"2","HUMANS"
"dailymail",6,9,5,1,5.2,"2","HUMANS"
"eonline",9,7,4,1,5.2,"2","HUMANS"
"forbes",7,8,6,10,7.8,"3","HUMANS"
"hollywoodreporter",8,6,9,7,7.5,"3","HUMANS"
"mashable",7,7,6,9,7.2,"3","HUMANS"
"rollingstone",7,6,7,9,7.2,"3","HUMANS"
"vanityfair",9,5,6,8,7,"3","HUMANS"
"gamespot",9,7,3,8,6.8,"3","HUMANS"
"gizmodo",10,8,2,7,6.8,"3","HUMANS"
"independent",8,8,4,7,6.8,"3","HUMANS"
"newyorktimes",7,5,8,7,6.8,"3","HUMANS"
"people",6,6,6,9,6.8,"3","HUMANS"
"buzzfeed",6,8,3,9,6.5,"3","HUMANS"
"verge",8,6,5,7,6.5,"3","HUMANS"
"wallstreetjournal",6,5,5,10,6.5,"3","HUMANS"
"cbr",8,6,3,8,6.2,"3","HUMANS"
"newsweek",9,5,2,9,6.2,"3","HUMANS"
"wrap",8,4,8,5,6.2,"3","HUMANS"
"comicbook",8,5,7,4,6,"3","HUMANS"
"huffingtonpost",9,8,6,1,6,"3","HUMANS"
"losangelestimes",5,5,7,7,6,"3","HUMANS"
"usweekly",7,5,5,7,6,"3","HUMANS"
"cnn",9,8,5,1,5.8,"3","HUMANS"
"salon",7,6,4,6,5.8,"3","HUMANS"
"cinemablend",8,6,7,1,5.5,"3","HUMANS"
"dailybeast",5,6,5,6,5.5,"3","HUMANS"
"gamesradar",9,6,1,6,5.5,"3","HUMANS"
"forbes",7,8,6,10,7.8,"1","INTO THE BADLANDS"
"engadget",8,7,5,7,6.8,"1","INTO THE BADLANDS"
"gamespot",9,7,3,8,6.8,"1","INTO THE BADLANDS"
"gizmodo",10,8,2,7,6.8,"1","INTO THE BADLANDS"
"independent",8,8,4,7,6.8,"1","INTO THE BADLANDS"
"people",6,6,6,9,6.8,"1","INTO THE BADLANDS"
"buzzfeed",6,8,3,9,6.5,"1","INTO THE BADLANDS"
"verge",8,6,5,7,6.5,"1","INTO THE BADLANDS"
"wallstreetjournal",6,5,5,10,6.5,"1","INTO THE BADLANDS"
"cbr",8,6,3,8,6.2,"1","INTO THE BADLANDS"
"newsweek",9,5,2,9,6.2,"1","INTO THE BADLANDS"
"digitalspy",7,7,7,3,6,"1","INTO THE BADLANDS"
"huffingtonpost",9,8,6,1,6,"1","INTO THE BADLANDS"
"usweekly",7,5,5,7,6,"1","INTO THE BADLANDS"
"cnn",9,8,5,1,5.8,"1","INTO THE BADLANDS"
"cinemablend",8,6,7,1,5.5,"1","INTO THE BADLANDS"
"gamesradar",9,6,1,6,5.5,"1","INTO THE BADLANDS"
"businessinsider",7,8,5,1,5.2,"1","INTO THE BADLANDS"
"dailymail",6,9,5,1,5.2,"1","INTO THE BADLANDS"
"eonline",9,7,4,1,5.2,"1","INTO THE BADLANDS"
"fox",9,7,4,1,5.2,"1","INTO THE BADLANDS"
"newyorkdailynews",9,2,5,5,5.2,"1","INTO THE BADLANDS"
"popsugar",7,7,4,3,5.2,"1","INTO THE BADLANDS"
"refinery29",3,6,2,10,5.2,"1","INTO THE BADLANDS"
"screenrant",7,5,7,2,5.2,"1","INTO THE BADLANDS"
"forbes",7,8,6,10,7.8,"2","INTO THE BADLANDS"
"mashable",7,7,6,9,7.2,"2","INTO THE BADLANDS"
"rollingstone",7,6,7,9,7.2,"2","INTO THE BADLANDS"
"vanityfair",9,5,6,8,7,"2","INTO THE BADLANDS"
"engadget",8,7,5,7,6.8,"2","INTO THE BADLANDS"
"gamespot",9,7,3,8,6.8,"2","INTO THE BADLANDS"
"independent",8,8,4,7,6.8,"2","INTO THE BADLANDS"
"people",6,6,6,9,6.8,"2","INTO THE BADLANDS"
"buzzfeed",6,8,3,9,6.5,"2","INTO THE BADLANDS"
"verge",8,6,5,7,6.5,"2","INTO THE BADLANDS"
"wallstreetjournal",6,5,5,10,6.5,"2","INTO THE BADLANDS"
"cbr",8,6,3,8,6.2,"2","INTO THE BADLANDS"
"newsweek",9,5,2,9,6.2,"2","INTO THE BADLANDS"
"digitalspy",7,7,7,3,6,"2","INTO THE BADLANDS"
"huffingtonpost",9,8,6,1,6,"2","INTO THE BADLANDS"
"losangelestimes",5,5,7,7,6,"2","INTO THE BADLANDS"
"uproxx",8,5,9,2,6,"2","INTO THE BADLANDS"
"usweekly",7,5,5,7,6,"2","INTO THE BADLANDS"
"cnn",9,8,5,1,5.8,"2","INTO THE BADLANDS"
"salon",7,6,4,6,5.8,"2","INTO THE BADLANDS"
"tvline",6,5,9,3,5.8,"2","INTO THE BADLANDS"
"cinemablend",8,6,7,1,5.5,"2","INTO THE BADLANDS"
"dailybeast",5,6,5,6,5.5,"2","INTO THE BADLANDS"
"gamesradar",9,6,1,6,5.5,"2","INTO THE BADLANDS"
"nytimes",7,7,7,1,5.5,"2","INTO THE BADLANDS"
"forbes",7,8,6,10,7.8,"3","INTO THE BADLANDS"
"hollywoodreporter",8,6,9,7,7.5,"3","INTO THE BADLANDS"
"mashable",7,7,6,9,7.2,"3","INTO THE BADLANDS"
"rollingstone",7,6,7,9,7.2,"3","INTO THE BADLANDS"
"vanityfair",9,5,6,8,7,"3","INTO THE BADLANDS"
"engadget",8,7,5,7,6.8,"3","INTO THE BADLANDS"
"gamespot",9,7,3,8,6.8,"3","INTO THE BADLANDS"
"gizmodo",10,8,2,7,6.8,"3","INTO THE BADLANDS"
"independent",8,8,4,7,6.8,"3","INTO THE BADLANDS"
"people",6,6,6,9,6.8,"3","INTO THE BADLANDS"
"buzzfeed",6,8,3,9,6.5,"3","INTO THE BADLANDS"
"verge",8,6,5,7,6.5,"3","INTO THE BADLANDS"
"wallstreetjournal",6,5,5,10,6.5,"3","INTO THE BADLANDS"
"cbr",8,6,3,8,6.2,"3","INTO THE BADLANDS"
"newsweek",9,5,2,9,6.2,"3","INTO THE BADLANDS"
"avclub",6,6,8,4,6,"3","INTO THE BADLANDS"
"digitalspy",7,7,7,3,6,"3","INTO THE BADLANDS"
"huffingtonpost",9,8,6,1,6,"3","INTO THE BADLANDS"
"usweekly",7,5,5,7,6,"3","INTO THE BADLANDS"
"cnn",9,8,5,1,5.8,"3","INTO THE BADLANDS"
"salon",7,6,4,6,5.8,"3","INTO THE BADLANDS"
"cinemablend",8,6,7,1,5.5,"3","INTO THE BADLANDS"
"dailybeast",5,6,5,6,5.5,"3","INTO THE BADLANDS"
"gamesradar",9,6,1,6,5.5,"3","INTO THE BADLANDS"
"nytimes",7,7,7,1,5.5,"3","INTO THE BADLANDS"
"forbes",7,8,6,10,7.8,"1","LITTLE DRUMMER GIRL"
"mashable",7,7,6,9,7.2,"1","LITTLE DRUMMER GIRL"
"vanityfair",9,5,6,8,7,"1","LITTLE DRUMMER GIRL"
"engadget",8,7,5,7,6.8,"1","LITTLE DRUMMER GIRL"
"gamespot",9,7,3,8,6.8,"1","LITTLE DRUMMER GIRL"
"gizmodo",10,8,2,7,6.8,"1","LITTLE DRUMMER GIRL"
"independent",8,8,4,7,6.8,"1","LITTLE DRUMMER GIRL"
"buzzfeed",6,8,3,9,6.5,"1","LITTLE DRUMMER GIRL"
"wallstreetjournal",6,5,5,10,6.5,"1","LITTLE DRUMMER GIRL"
"cbr",8,6,3,8,6.2,"1","LITTLE DRUMMER GIRL"
"newsweek",9,5,2,9,6.2,"1","LITTLE DRUMMER GIRL"
"avclub",6,6,8,4,6,"1","LITTLE DRUMMER GIRL"
"comicbook",8,5,7,4,6,"1","LITTLE DRUMMER GIRL"
"huffingtonpost",9,8,6,1,6,"1","LITTLE DRUMMER GIRL"
"losangelestimes",5,5,7,7,6,"1","LITTLE DRUMMER GIRL"
"usweekly",7,5,5,7,6,"1","LITTLE DRUMMER GIRL"
"cnn",9,8,5,1,5.8,"1","LITTLE DRUMMER GIRL"
"salon",7,6,4,6,5.8,"1","LITTLE DRUMMER GIRL"
"cinemablend",8,6,7,1,5.5,"1","LITTLE DRUMMER GIRL"
"gamesradar",9,6,1,6,5.5,"1","LITTLE DRUMMER GIRL"
"nytimes",7,7,7,1,5.5,"1","LITTLE DRUMMER GIRL"
"businessinsider",7,8,5,1,5.2,"1","LITTLE DRUMMER GIRL"
"eonline",9,7,4,1,5.2,"1","LITTLE DRUMMER GIRL"
"ibtimes",8,5,6,2,5.2,"1","LITTLE DRUMMER GIRL"
"newyorkdailynews",9,2,5,5,5.2,"1","LITTLE DRUMMER GIRL"
"forbes",7,8,6,10,7.8,"1","LODGE 49"
"mashable",7,7,6,9,7.2,"1","LODGE 49"
"engadget",8,7,5,7,6.8,"1","LODGE 49"
"gamespot",9,7,3,8,6.8,"1","LODGE 49"
"gizmodo",10,8,2,7,6.8,"1","LODGE 49"
"independent",8,8,4,7,6.8,"1","LODGE 49"
"newyorktimes",7,5,8,7,6.8,"1","LODGE 49"
"buzzfeed",6,8,3,9,6.5,"1","LODGE 49"
"verge",8,6,5,7,6.5,"1","LODGE 49"
"wallstreetjournal",6,5,5,10,6.5,"1","LODGE 49"
"newsweek",9,5,2,9,6.2,"1","LODGE 49"
"wrap",8,4,8,5,6.2,"1","LODGE 49"
"comicbook",8,5,7,4,6,"1","LODGE 49"
"huffingtonpost",9,8,6,1,6,"1","LODGE 49"
"losangelestimes",5,5,7,7,6,"1","LODGE 49"
"usweekly",7,5,5,7,6,"1","LODGE 49"
"cnn",9,8,5,1,5.8,"1","LODGE 49"
"salon",7,6,4,6,5.8,"1","LODGE 49"
"cinemablend",8,6,7,1,5.5,"1","LODGE 49"
"gamesradar",9,6,1,6,5.5,"1","LODGE 49"
"usatoday",6,7,8,1,5.5,"1","LODGE 49"
"dailymail",6,9,5,1,5.2,"1","LODGE 49"
"eonline",9,7,4,1,5.2,"1","LODGE 49"
"fox",9,7,4,1,5.2,"1","LODGE 49"
"ibtimes",8,5,6,2,5.2,"1","LODGE 49"
"mashable",7,7,6,9,7.2,"7A","MAD MEN"
"engadget",8,7,5,7,6.8,"7A","MAD MEN"
"gamespot",9,7,3,8,6.8,"7A","MAD MEN"
"gizmodo",10,8,2,7,6.8,"7A","MAD MEN"
"independent",8,8,4,7,6.8,"7A","MAD MEN"
"verge",8,6,5,7,6.5,"7A","MAD MEN"
"cbr",8,6,3,8,6.2,"7A","MAD MEN"
"newsweek",9,5,2,9,6.2,"7A","MAD MEN"
"comicbook",8,5,7,4,6,"7A","MAD MEN"
"dailybeast",5,6,5,6,5.5,"7A","MAD MEN"
"gamesradar",9,6,1,6,5.5,"7A","MAD MEN"
"comingsoon",7,3,9,2,5.2,"7A","MAD MEN"
"fox",9,7,4,1,5.2,"7A","MAD MEN"
"ibtimes",8,5,6,2,5.2,"7A","MAD MEN"
"popsugar",7,7,4,3,5.2,"7A","MAD MEN"
"refinery29",3,6,2,10,5.2,"7A","MAD MEN"
"bustle",7,6,6,1,5,"7A","MAD MEN"
"moviefone",9,5,5,1,5,"7A","MAD MEN"
"msn",7,8,4,1,5,"7A","MAD MEN"
"ajc",8,5,5,1,4.8,"7A","MAD MEN"
"aptv",10,6,2,1,4.8,"7A","MAD MEN"
"blastingnews",9,8,1,1,4.8,"7A","MAD MEN"
"digitaltrends",10,7,1,1,4.8,"7A","MAD MEN"
"fandom",10,7,1,1,4.8,"7A","MAD MEN"
"huffingtonpostlive",9,8,1,1,4.8,"7A","MAD MEN"
"engadget",8,7,5,7,6.8,"7B","MAD MEN"
"gamespot",9,7,3,8,6.8,"7B","MAD MEN"
"gizmodo",10,8,2,7,6.8,"7B","MAD MEN"
"newyorktimes",7,5,8,7,6.8,"7B","MAD MEN"
"buzzfeed",6,8,3,9,6.5,"7B","MAD MEN"
"cbr",8,6,3,8,6.2,"7B","MAD MEN"
"gamesradar",9,6,1,6,5.5,"7B","MAD MEN"
"newyorkdailynews",9,2,5,5,5.2,"7B","MAD MEN"
"popsugar",7,7,4,3,5.2,"7B","MAD MEN"
"collider",7,3,8,2,5,"7B","MAD MEN"
"hollywoodlife",6,5,5,4,5,"7B","MAD MEN"
"rottentomatoes",6,7,6,1,5,"7B","MAD MEN"
"ajc",8,5,5,1,4.8,"7B","MAD MEN"
"aptv",10,6,2,1,4.8,"7B","MAD MEN"
"blastingnews",9,8,1,1,4.8,"7B","MAD MEN"
"digitaltrends",10,7,1,1,4.8,"7B","MAD MEN"
"fandom",10,7,1,1,4.8,"7B","MAD MEN"
"goodmorningamerica",6,4,1,8,4.8,"7B","MAD MEN"
"huffingtonpostlive",9,8,1,1,4.8,"7B","MAD MEN"
"inquisitr",7,5,6,1,4.8,"7B","MAD MEN"
"justjared",6,4,4,5,4.8,"7B","MAD MEN"
"metro",8,5,5,1,4.8,"7B","MAD MEN"
"moviepilot",9,4,5,1,4.8,"7B","MAD MEN"
"thr",10,7,1,1,4.8,"7B","MAD MEN"
"cheatsheet",9,5,3,1,4.5,"7B","MAD MEN"
"yahoo",8,9,10,5,8,"1","MCMAFIA"
"forbes",7,8,6,10,7.8,"1","MCMAFIA"
"imdb",6,10,7,8,7.8,"1","MCMAFIA"
"mashable",7,7,6,9,7.2,"1","MCMAFIA"
"rollingstone",7,6,7,9,7.2,"1","MCMAFIA"
"vanityfair",9,5,6,8,7,"1","MCMAFIA"
"engadget",8,7,5,7,6.8,"1","MCMAFIA"
"gamespot",9,7,3,8,6.8,"1","MCMAFIA"
"gizmodo",10,8,2,7,6.8,"1","MCMAFIA"
"independent",8,8,4,7,6.8,"1","MCMAFIA"
"buzzfeed",6,8,3,9,6.5,"1","MCMAFIA"
"verge",8,6,5,7,6.5,"1","MCMAFIA"
"cbr",8,6,3,8,6.2,"1","MCMAFIA"
"newsweek",9,5,2,9,6.2,"1","MCMAFIA"
"wrap",8,4,8,5,6.2,"1","MCMAFIA"
"comicbook",8,5,7,4,6,"1","MCMAFIA"
"digitalspy",7,7,7,3,6,"1","MCMAFIA"
"huffingtonpost",9,8,6,1,6,"1","MCMAFIA"
"losangelestimes",5,5,7,7,6,"1","MCMAFIA"
"usweekly",7,5,5,7,6,"1","MCMAFIA"
"cinemablend",8,6,7,1,5.5,"1","MCMAFIA"
"dailybeast",5,6,5,6,5.5,"1","MCMAFIA"
"gamesradar",9,6,1,6,5.5,"1","MCMAFIA"
"nytimes",7,7,7,1,5.5,"1","MCMAFIA"
"washingtonpost",6,7,8,1,5.5,"1","MCMAFIA"
"engadget",8,7,5,7,6.8,"1","NIGHT MANAGER, THE"
"gamespot",9,7,3,8,6.8,"1","NIGHT MANAGER, THE"
"gizmodo",10,8,2,7,6.8,"1","NIGHT MANAGER, THE"
"cbr",8,6,3,8,6.2,"1","NIGHT MANAGER, THE"
"newsweek",9,5,2,9,6.2,"1","NIGHT MANAGER, THE"
"comicbook",8,5,7,4,6,"1","NIGHT MANAGER, THE"
"losangelestimes",5,5,7,7,6,"1","NIGHT MANAGER, THE"
"usweekly",7,5,5,7,6,"1","NIGHT MANAGER, THE"
"cnn",9,8,5,1,5.8,"1","NIGHT MANAGER, THE"
"salon",7,6,4,6,5.8,"1","NIGHT MANAGER, THE"
"cinemablend",8,6,7,1,5.5,"1","NIGHT MANAGER, THE"
"gamesradar",9,6,1,6,5.5,"1","NIGHT MANAGER, THE"
"businessinsider",7,8,5,1,5.2,"1","NIGHT MANAGER, THE"
"eonline",9,7,4,1,5.2,"1","NIGHT MANAGER, THE"
"fox",9,7,4,1,5.2,"1","NIGHT MANAGER, THE"
"refinery29",3,6,2,10,5.2,"1","NIGHT MANAGER, THE"
"screenrant",7,5,7,2,5.2,"1","NIGHT MANAGER, THE"
"hollywoodlife",6,5,5,4,5,"1","NIGHT MANAGER, THE"
"moviefone",9,5,5,1,5,"1","NIGHT MANAGER, THE"
"msn",7,8,4,1,5,"1","NIGHT MANAGER, THE"
"rottentomatoes",6,7,6,1,5,"1","NIGHT MANAGER, THE"
"ajc",8,5,5,1,4.8,"1","NIGHT MANAGER, THE"
"aptv",10,6,2,1,4.8,"1","NIGHT MANAGER, THE"
"blastingnews",9,8,1,1,4.8,"1","NIGHT MANAGER, THE"
"digitaltrends",10,7,1,1,4.8,"1","NIGHT MANAGER, THE"
"engadget",8,7,5,7,6.8,"1","PREACHER"
"gizmodo",10,8,2,7,6.8,"1","PREACHER"
"independent",8,8,4,7,6.8,"1","PREACHER"
"cbr",8,6,3,8,6.2,"1","PREACHER"
"newsweek",9,5,2,9,6.2,"1","PREACHER"
"usweekly",7,5,5,7,6,"1","PREACHER"
"cnn",9,8,5,1,5.8,"1","PREACHER"
"salon",7,6,4,6,5.8,"1","PREACHER"
"gamesradar",9,6,1,6,5.5,"1","PREACHER"
"businessinsider",7,8,5,1,5.2,"1","PREACHER"
"eonline",9,7,4,1,5.2,"1","PREACHER"
"newyorkdailynews",9,2,5,5,5.2,"1","PREACHER"
"popsugar",7,7,4,3,5.2,"1","PREACHER"
"refinery29",3,6,2,10,5.2,"1","PREACHER"
"hollywoodlife",6,5,5,4,5,"1","PREACHER"
"msn",7,8,4,1,5,"1","PREACHER"
"parade",7,6,6,1,5,"1","PREACHER"
"rottentomatoes",6,7,6,1,5,"1","PREACHER"
"vogue",3,4,3,10,5,"1","PREACHER"
"ajc",8,5,5,1,4.8,"1","PREACHER"
"aptv",10,6,2,1,4.8,"1","PREACHER"
"blastingnews",9,8,1,1,4.8,"1","PREACHER"
"fandom",10,7,1,1,4.8,"1","PREACHER"
"goodmorningamerica",6,4,1,8,4.8,"1","PREACHER"
"inquisitr",7,5,6,1,4.8,"1","PREACHER"
"forbes",7,8,6,10,7.8,"2","PREACHER"
"gamespot",9,7,3,8,6.8,"2","PREACHER"
"wallstreetjournal",6,5,5,10,6.5,"2","PREACHER"
"newsweek",9,5,2,9,6.2,"2","PREACHER"
"huffingtonpost",9,8,6,1,6,"2","PREACHER"
"usweekly",7,5,5,7,6,"2","PREACHER"
"cnn",9,8,5,1,5.8,"2","PREACHER"
"gamesradar",9,6,1,6,5.5,"2","PREACHER"
"nytimes",7,7,7,1,5.5,"2","PREACHER"
"washingtonpost",6,7,8,1,5.5,"2","PREACHER"
"businessinsider",7,8,5,1,5.2,"2","PREACHER"
"dailymail",6,9,5,1,5.2,"2","PREACHER"
"eonline",9,7,4,1,5.2,"2","PREACHER"
"fox",9,7,4,1,5.2,"2","PREACHER"
"latimes",6,6,8,1,5.2,"2","PREACHER"
"popsugar",7,7,4,3,5.2,"2","PREACHER"
"refinery29",3,6,2,10,5.2,"2","PREACHER"
"bostonglobe",7,3,5,5,5,"2","PREACHER"
"time",7,6,6,1,5,"2","PREACHER"
"wsj",6,7,6,1,5,"2","PREACHER"
"ajc",8,5,5,1,4.8,"2","PREACHER"
"aptv",10,6,2,1,4.8,"2","PREACHER"
"blastingnews",9,8,1,1,4.8,"2","PREACHER"
"broadwayworld",6,2,8,3,4.8,"2","PREACHER"
"digitaltrends",10,7,1,1,4.8,"2","PREACHER"
"yahoo",8,9,10,5,8,"3","PREACHER"
"forbes",7,8,6,10,7.8,"3","PREACHER"
"mashable",7,7,6,9,7.2,"3","PREACHER"
"vanityfair",9,5,6,8,7,"3","PREACHER"
"independent",8,8,4,7,6.8,"3","PREACHER"
"newyorktimes",7,5,8,7,6.8,"3","PREACHER"
"buzzfeed",6,8,3,9,6.5,"3","PREACHER"
"wallstreetjournal",6,5,5,10,6.5,"3","PREACHER"
"newsweek",9,5,2,9,6.2,"3","PREACHER"
"digitalspy",7,7,7,3,6,"3","PREACHER"
"huffingtonpost",9,8,6,1,6,"3","PREACHER"
"losangelestimes",5,5,7,7,6,"3","PREACHER"
"usweekly",7,5,5,7,6,"3","PREACHER"
"salon",7,6,4,6,5.8,"3","PREACHER"
"dailybeast",5,6,5,6,5.5,"3","PREACHER"
"gamesradar",9,6,1,6,5.5,"3","PREACHER"
"cleveland",9,4,7,1,5.2,"3","PREACHER"
"eonline",9,7,4,1,5.2,"3","PREACHER"
"fox",9,7,4,1,5.2,"3","PREACHER"
"ibtimes",8,5,6,2,5.2,"3","PREACHER"
"latimes",6,6,8,1,5.2,"3","PREACHER"
"newyorkdailynews",9,2,5,5,5.2,"3","PREACHER"
"popsugar",7,7,4,3,5.2,"3","PREACHER"
"refinery29",3,6,2,10,5.2,"3","PREACHER"
"bostonglobe",7,3,5,5,5,"3","PREACHER"
"ign",7,8,9,9,8.2,"2","RIDE WITH NORMAN REEDUS"
"forbes",7,8,6,10,7.8,"2","RIDE WITH NORMAN REEDUS"
"imdb",6,10,7,8,7.8,"2","RIDE WITH NORMAN REEDUS"
"rollingstone",7,6,7,9,7.2,"2","RIDE WITH NORMAN REEDUS"
"vanityfair",9,5,6,8,7,"2","RIDE WITH NORMAN REEDUS"
"engadget",8,7,5,7,6.8,"2","RIDE WITH NORMAN REEDUS"
"gamespot",9,7,3,8,6.8,"2","RIDE WITH NORMAN REEDUS"
"gizmodo",10,8,2,7,6.8,"2","RIDE WITH NORMAN REEDUS"
"independent",8,8,4,7,6.8,"2","RIDE WITH NORMAN REEDUS"
"people",6,6,6,9,6.8,"2","RIDE WITH NORMAN REEDUS"
"buzzfeed",6,8,3,9,6.5,"2","RIDE WITH NORMAN REEDUS"
"verge",8,6,5,7,6.5,"2","RIDE WITH NORMAN REEDUS"
"wallstreetjournal",6,5,5,10,6.5,"2","RIDE WITH NORMAN REEDUS"
"cbr",8,6,3,8,6.2,"2","RIDE WITH NORMAN REEDUS"
"newsweek",9,5,2,9,6.2,"2","RIDE WITH NORMAN REEDUS"
"wrap",8,4,8,5,6.2,"2","RIDE WITH NORMAN REEDUS"
"avclub",6,6,8,4,6,"2","RIDE WITH NORMAN REEDUS"
"digitalspy",7,7,7,3,6,"2","RIDE WITH NORMAN REEDUS"
"huffingtonpost",9,8,6,1,6,"2","RIDE WITH NORMAN REEDUS"
"indiewire",6,4,8,6,6,"2","RIDE WITH NORMAN REEDUS"
"uproxx",8,5,9,2,6,"2","RIDE WITH NORMAN REEDUS"
"usweekly",7,5,5,7,6,"2","RIDE WITH NORMAN REEDUS"
"cnn",9,8,5,1,5.8,"2","RIDE WITH NORMAN REEDUS"
"salon",7,6,4,6,5.8,"2","RIDE WITH NORMAN REEDUS"
"cinemablend",8,6,7,1,5.5,"2","RIDE WITH NORMAN REEDUS"
"ew",9,6,10,9,8.5,"1","SECRET HISTORY OF COMICS"
"ign",7,8,9,9,8.2,"1","SECRET HISTORY OF COMICS"
"forbes",7,8,6,10,7.8,"1","SECRET HISTORY OF COMICS"
"imdb",6,10,7,8,7.8,"1","SECRET HISTORY OF COMICS"
"hollywoodreporter",8,6,9,7,7.5,"1","SECRET HISTORY OF COMICS"
"tvguide",8,6,10,6,7.5,"1","SECRET HISTORY OF COMICS"
"mashable",7,7,6,9,7.2,"1","SECRET HISTORY OF COMICS"
"rollingstone",7,6,7,9,7.2,"1","SECRET HISTORY OF COMICS"
"vanityfair",9,5,6,8,7,"1","SECRET HISTORY OF COMICS"
"deadline",7,5,10,5,6.8,"1","SECRET HISTORY OF COMICS"
"engadget",8,7,5,7,6.8,"1","SECRET HISTORY OF COMICS"
"gamespot",9,7,3,8,6.8,"1","SECRET HISTORY OF COMICS"
"gizmodo",10,8,2,7,6.8,"1","SECRET HISTORY OF COMICS"
"independent",8,8,4,7,6.8,"1","SECRET HISTORY OF COMICS"
"people",6,6,6,9,6.8,"1","SECRET HISTORY OF COMICS"
"buzzfeed",6,8,3,9,6.5,"1","SECRET HISTORY OF COMICS"
"verge",8,6,5,7,6.5,"1","SECRET HISTORY OF COMICS"
"newsweek",9,5,2,9,6.2,"1","SECRET HISTORY OF COMICS"
"wrap",8,4,8,5,6.2,"1","SECRET HISTORY OF COMICS"
"avclub",6,6,8,4,6,"1","SECRET HISTORY OF COMICS"
"comicbook",8,5,7,4,6,"1","SECRET HISTORY OF COMICS"
"digitalspy",7,7,7,3,6,"1","SECRET HISTORY OF COMICS"
"huffingtonpost",9,8,6,1,6,"1","SECRET HISTORY OF COMICS"
"indiewire",6,4,8,6,6,"1","SECRET HISTORY OF COMICS"
"uproxx",8,5,9,2,6,"1","SECRET HISTORY OF COMICS"
"forbes",7,8,6,10,7.8,"1","SON, THE"
"imdb",6,10,7,8,7.8,"1","SON, THE"
"mashable",7,7,6,9,7.2,"1","SON, THE"
"vanityfair",9,5,6,8,7,"1","SON, THE"
"engadget",8,7,5,7,6.8,"1","SON, THE"
"gamespot",9,7,3,8,6.8,"1","SON, THE"
"gizmodo",10,8,2,7,6.8,"1","SON, THE"
"independent",8,8,4,7,6.8,"1","SON, THE"
"verge",8,6,5,7,6.5,"1","SON, THE"
"cbr",8,6,3,8,6.2,"1","SON, THE"
"newsweek",9,5,2,9,6.2,"1","SON, THE"
"comicbook",8,5,7,4,6,"1","SON, THE"
"digitalspy",7,7,7,3,6,"1","SON, THE"
"huffingtonpost",9,8,6,1,6,"1","SON, THE"
"losangelestimes",5,5,7,7,6,"1","SON, THE"
"salon",7,6,4,6,5.8,"1","SON, THE"
"tvline",6,5,9,3,5.8,"1","SON, THE"
"dailybeast",5,6,5,6,5.5,"1","SON, THE"
"gamesradar",9,6,1,6,5.5,"1","SON, THE"
"businessinsider",7,8,5,1,5.2,"1","SON, THE"
"cleveland",9,4,7,1,5.2,"1","SON, THE"
"comingsoon",7,3,9,2,5.2,"1","SON, THE"
"eonline",9,7,4,1,5.2,"1","SON, THE"
"fox",9,7,4,1,5.2,"1","SON, THE"
"ibtimes",8,5,6,2,5.2,"1","SON, THE"
"forbes",7,8,6,10,7.8,"1","TERROR, THE"
"mashable",7,7,6,9,7.2,"1","TERROR, THE"
"vanityfair",9,5,6,8,7,"1","TERROR, THE"
"engadget",8,7,5,7,6.8,"1","TERROR, THE"
"gizmodo",10,8,2,7,6.8,"1","TERROR, THE"
"independent",8,8,4,7,6.8,"1","TERROR, THE"
"people",6,6,6,9,6.8,"1","TERROR, THE"
"buzzfeed",6,8,3,9,6.5,"1","TERROR, THE"
"wallstreetjournal",6,5,5,10,6.5,"1","TERROR, THE"
"cbr",8,6,3,8,6.2,"1","TERROR, THE"
"newsweek",9,5,2,9,6.2,"1","TERROR, THE"
"comicbook",8,5,7,4,6,"1","TERROR, THE"
"huffingtonpost",9,8,6,1,6,"1","TERROR, THE"
"uproxx",8,5,9,2,6,"1","TERROR, THE"
"usweekly",7,5,5,7,6,"1","TERROR, THE"
"cnn",9,8,5,1,5.8,"1","TERROR, THE"
"salon",7,6,4,6,5.8,"1","TERROR, THE"
"dailybeast",5,6,5,6,5.5,"1","TERROR, THE"
"nytimes",7,7,7,1,5.5,"1","TERROR, THE"
"washingtonpost",6,7,8,1,5.5,"1","TERROR, THE"
"businessinsider",7,8,5,1,5.2,"1","TERROR, THE"
"dailymail",6,9,5,1,5.2,"1","TERROR, THE"
"eonline",9,7,4,1,5.2,"1","TERROR, THE"
"fox",9,7,4,1,5.2,"1","TERROR, THE"
"ibtimes",8,5,6,2,5.2,"1","TERROR, THE"
"forbes",7,8,6,10,7.8,"1","TURN"
"imdb",6,10,7,8,7.8,"1","TURN"
"mashable",7,7,6,9,7.2,"1","TURN"
"rollingstone",7,6,7,9,7.2,"1","TURN"
"vanityfair",9,5,6,8,7,"1","TURN"
"engadget",8,7,5,7,6.8,"1","TURN"
"gamespot",9,7,3,8,6.8,"1","TURN"
"gizmodo",10,8,2,7,6.8,"1","TURN"
"independent",8,8,4,7,6.8,"1","TURN"
"people",6,6,6,9,6.8,"1","TURN"
"buzzfeed",6,8,3,9,6.5,"1","TURN"
"verge",8,6,5,7,6.5,"1","TURN"
"cbr",8,6,3,8,6.2,"1","TURN"
"newsweek",9,5,2,9,6.2,"1","TURN"
"comicbook",8,5,7,4,6,"1","TURN"
"digitalspy",7,7,7,3,6,"1","TURN"
"usweekly",7,5,5,7,6,"1","TURN"
"cnn",9,8,5,1,5.8,"1","TURN"
"salon",7,6,4,6,5.8,"1","TURN"
"gamesradar",9,6,1,6,5.5,"1","TURN"
"nytimes",7,7,7,1,5.5,"1","TURN"
"vulture",6,4,8,4,5.5,"1","TURN"
"cleveland",9,4,7,1,5.2,"1","TURN"
"dailymail",6,9,5,1,5.2,"1","TURN"
"eonline",9,7,4,1,5.2,"1","TURN"
"forbes",7,8,6,10,7.8,"2","TURN"
"imdb",6,10,7,8,7.8,"2","TURN"
"mashable",7,7,6,9,7.2,"2","TURN"
"rollingstone",7,6,7,9,7.2,"2","TURN"
"vanityfair",9,5,6,8,7,"2","TURN"
"engadget",8,7,5,7,6.8,"2","TURN"
"gamespot",9,7,3,8,6.8,"2","TURN"
"gizmodo",10,8,2,7,6.8,"2","TURN"
"independent",8,8,4,7,6.8,"2","TURN"
"people",6,6,6,9,6.8,"2","TURN"
"buzzfeed",6,8,3,9,6.5,"2","TURN"
"verge",8,6,5,7,6.5,"2","TURN"
"cbr",8,6,3,8,6.2,"2","TURN"
"newsweek",9,5,2,9,6.2,"2","TURN"
"comicbook",8,5,7,4,6,"2","TURN"
"digitalspy",7,7,7,3,6,"2","TURN"
"indiewire",6,4,8,6,6,"2","TURN"
"usweekly",7,5,5,7,6,"2","TURN"
"salon",7,6,4,6,5.8,"2","TURN"
"dailybeast",5,6,5,6,5.5,"2","TURN"
"gamesradar",9,6,1,6,5.5,"2","TURN"
"vulture",6,4,8,4,5.5,"2","TURN"
"businessinsider",7,8,5,1,5.2,"2","TURN"
"cleveland",9,4,7,1,5.2,"2","TURN"
"dailymail",6,9,5,1,5.2,"2","TURN"
"ign",7,8,9,9,8.2,"3","TURN"
"forbes",7,8,6,10,7.8,"3","TURN"
"hollywoodreporter",8,6,9,7,7.5,"3","TURN"
"mashable",7,7,6,9,7.2,"3","TURN"
"rollingstone",7,6,7,9,7.2,"3","TURN"
"vanityfair",9,5,6,8,7,"3","TURN"
"deadline",7,5,10,5,6.8,"3","TURN"
"engadget",8,7,5,7,6.8,"3","TURN"
"gamespot",9,7,3,8,6.8,"3","TURN"
"gizmodo",10,8,2,7,6.8,"3","TURN"
"independent",8,8,4,7,6.8,"3","TURN"
"people",6,6,6,9,6.8,"3","TURN"
"buzzfeed",6,8,3,9,6.5,"3","TURN"
"verge",8,6,5,7,6.5,"3","TURN"
"wallstreetjournal",6,5,5,10,6.5,"3","TURN"
"cbr",8,6,3,8,6.2,"3","TURN"
"newsweek",9,5,2,9,6.2,"3","TURN"
"wrap",8,4,8,5,6.2,"3","TURN"
"comicbook",8,5,7,4,6,"3","TURN"
"digitalspy",7,7,7,3,6,"3","TURN"
"indiewire",6,4,8,6,6,"3","TURN"
"losangelestimes",5,5,7,7,6,"3","TURN"
"uproxx",8,5,9,2,6,"3","TURN"
"usweekly",7,5,5,7,6,"3","TURN"
"cnn",9,8,5,1,5.8,"3","TURN"
"ign",7,8,9,9,8.2,"4","TURN"
"forbes",7,8,6,10,7.8,"4","TURN"
"hollywoodreporter",8,6,9,7,7.5,"4","TURN"
"mashable",7,7,6,9,7.2,"4","TURN"
"rollingstone",7,6,7,9,7.2,"4","TURN"
"variety",8,4,10,7,7.2,"4","TURN"
"vanityfair",9,5,6,8,7,"4","TURN"
"engadget",8,7,5,7,6.8,"4","TURN"
"gamespot",9,7,3,8,6.8,"4","TURN"
"gizmodo",10,8,2,7,6.8,"4","TURN"
"independent",8,8,4,7,6.8,"4","TURN"
"newyorktimes",7,5,8,7,6.8,"4","TURN"
"people",6,6,6,9,6.8,"4","TURN"
"buzzfeed",6,8,3,9,6.5,"4","TURN"
"verge",8,6,5,7,6.5,"4","TURN"
"wallstreetjournal",6,5,5,10,6.5,"4","TURN"
"cbr",8,6,3,8,6.2,"4","TURN"
"newsweek",9,5,2,9,6.2,"4","TURN"
"wrap",8,4,8,5,6.2,"4","TURN"
"avclub",6,6,8,4,6,"4","TURN"
"comicbook",8,5,7,4,6,"4","TURN"
"digitalspy",7,7,7,3,6,"4","TURN"
"huffingtonpost",9,8,6,1,6,"4","TURN"
"indiewire",6,4,8,6,6,"4","TURN"
"uproxx",8,5,9,2,6,"4","TURN"
"forbes",7,8,6,10,7.8,"1","VISIONARIES: HISTORY OF HORROR"
"imdb",6,10,7,8,7.8,"1","VISIONARIES: HISTORY OF HORROR"
"hollywoodreporter",8,6,9,7,7.5,"1","VISIONARIES: HISTORY OF HORROR"
"mashable",7,7,6,9,7.2,"1","VISIONARIES: HISTORY OF HORROR"
"rollingstone",7,6,7,9,7.2,"1","VISIONARIES: HISTORY OF HORROR"
"variety",8,4,10,7,7.2,"1","VISIONARIES: HISTORY OF HORROR"
"vanityfair",9,5,6,8,7,"1","VISIONARIES: HISTORY OF HORROR"
"engadget",8,7,5,7,6.8,"1","VISIONARIES: HISTORY OF HORROR"
"independent",8,8,4,7,6.8,"1","VISIONARIES: HISTORY OF HORROR"
"newyorktimes",7,5,8,7,6.8,"1","VISIONARIES: HISTORY OF HORROR"
"buzzfeed",6,8,3,9,6.5,"1","VISIONARIES: HISTORY OF HORROR"
"verge",8,6,5,7,6.5,"1","VISIONARIES: HISTORY OF HORROR"
"wallstreetjournal",6,5,5,10,6.5,"1","VISIONARIES: HISTORY OF HORROR"
"cbr",8,6,3,8,6.2,"1","VISIONARIES: HISTORY OF HORROR"
"wrap",8,4,8,5,6.2,"1","VISIONARIES: HISTORY OF HORROR"
"digitalspy",7,7,7,3,6,"1","VISIONARIES: HISTORY OF HORROR"
"huffingtonpost",9,8,6,1,6,"1","VISIONARIES: HISTORY OF HORROR"
"losangelestimes",5,5,7,7,6,"1","VISIONARIES: HISTORY OF HORROR"
"uproxx",8,5,9,2,6,"1","VISIONARIES: HISTORY OF HORROR"
"usweekly",7,5,5,7,6,"1","VISIONARIES: HISTORY OF HORROR"
"cnn",9,8,5,1,5.8,"1","VISIONARIES: HISTORY OF HORROR"
"salon",7,6,4,6,5.8,"1","VISIONARIES: HISTORY OF HORROR"
"tvline",6,5,9,3,5.8,"1","VISIONARIES: HISTORY OF HORROR"
"cinemablend",8,6,7,1,5.5,"1","VISIONARIES: HISTORY OF HORROR"
"dailybeast",5,6,5,6,5.5,"1","VISIONARIES: HISTORY OF HORROR"
"ign",7,8,9,9,8.2,"1","VISIONARIES: HISTORY OF SCI-FI"
"rollingstone",7,6,7,9,7.2,"1","VISIONARIES: HISTORY OF SCI-FI"
"variety",8,4,10,7,7.2,"1","VISIONARIES: HISTORY OF SCI-FI"
"engadget",8,7,5,7,6.8,"1","VISIONARIES: HISTORY OF SCI-FI"
"gizmodo",10,8,2,7,6.8,"1","VISIONARIES: HISTORY OF SCI-FI"
"independent",8,8,4,7,6.8,"1","VISIONARIES: HISTORY OF SCI-FI"
"buzzfeed",6,8,3,9,6.5,"1","VISIONARIES: HISTORY OF SCI-FI"
"verge",8,6,5,7,6.5,"1","VISIONARIES: HISTORY OF SCI-FI"
"wallstreetjournal",6,5,5,10,6.5,"1","VISIONARIES: HISTORY OF SCI-FI"
"cbr",8,6,3,8,6.2,"1","VISIONARIES: HISTORY OF SCI-FI"
"comicbook",8,5,7,4,6,"1","VISIONARIES: HISTORY OF SCI-FI"
"digitalspy",7,7,7,3,6,"1","VISIONARIES: HISTORY OF SCI-FI"
"huffingtonpost",9,8,6,1,6,"1","VISIONARIES: HISTORY OF SCI-FI"
"usweekly",7,5,5,7,6,"1","VISIONARIES: HISTORY OF SCI-FI"
"cnn",9,8,5,1,5.8,"1","VISIONARIES: HISTORY OF SCI-FI"
"dailybeast",5,6,5,6,5.5,"1","VISIONARIES: HISTORY OF SCI-FI"
"gamesradar",9,6,1,6,5.5,"1","VISIONARIES: HISTORY OF SCI-FI"
"nytimes",7,7,7,1,5.5,"1","VISIONARIES: HISTORY OF SCI-FI"
"usatoday",6,7,8,1,5.5,"1","VISIONARIES: HISTORY OF SCI-FI"
"washingtonpost",6,7,8,1,5.5,"1","VISIONARIES: HISTORY OF SCI-FI"
"businessinsider",7,8,5,1,5.2,"1","VISIONARIES: HISTORY OF SCI-FI"
"comingsoon",7,3,9,2,5.2,"1","VISIONARIES: HISTORY OF SCI-FI"
"dailymail",6,9,5,1,5.2,"1","VISIONARIES: HISTORY OF SCI-FI"
"eonline",9,7,4,1,5.2,"1","VISIONARIES: HISTORY OF SCI-FI"
"fox",9,7,4,1,5.2,"1","VISIONARIES: HISTORY OF SCI-FI"
"imdb",6,10,7,8,7.8,"4A","WALKING DEAD"
"mashable",7,7,6,9,7.2,"4A","WALKING DEAD"
"vanityfair",9,5,6,8,7,"4A","WALKING DEAD"
"engadget",8,7,5,7,6.8,"4A","WALKING DEAD"
"gamespot",9,7,3,8,6.8,"4A","WALKING DEAD"
"gizmodo",10,8,2,7,6.8,"4A","WALKING DEAD"
"independent",8,8,4,7,6.8,"4A","WALKING DEAD"
"people",6,6,6,9,6.8,"4A","WALKING DEAD"
"buzzfeed",6,8,3,9,6.5,"4A","WALKING DEAD"
"cbr",8,6,3,8,6.2,"4A","WALKING DEAD"
"newsweek",9,5,2,9,6.2,"4A","WALKING DEAD"
"avclub",6,6,8,4,6,"4A","WALKING DEAD"
"cnn",9,8,5,1,5.8,"4A","WALKING DEAD"
"salon",7,6,4,6,5.8,"4A","WALKING DEAD"
"dailybeast",5,6,5,6,5.5,"4A","WALKING DEAD"
"gamesradar",9,6,1,6,5.5,"4A","WALKING DEAD"
"businessinsider",7,8,5,1,5.2,"4A","WALKING DEAD"
"cleveland",9,4,7,1,5.2,"4A","WALKING DEAD"
"dailymail",6,9,5,1,5.2,"4A","WALKING DEAD"
"eonline",9,7,4,1,5.2,"4A","WALKING DEAD"
"fox",9,7,4,1,5.2,"4A","WALKING DEAD"
"ibtimes",8,5,6,2,5.2,"4A","WALKING DEAD"
"popsugar",7,7,4,3,5.2,"4A","WALKING DEAD"
"refinery29",3,6,2,10,5.2,"4A","WALKING DEAD"
"bostonglobe",7,3,5,5,5,"4A","WALKING DEAD"
"imdb",6,10,7,8,7.8,"4B","WALKING DEAD"
"mashable",7,7,6,9,7.2,"4B","WALKING DEAD"
"vanityfair",9,5,6,8,7,"4B","WALKING DEAD"
"gamespot",9,7,3,8,6.8,"4B","WALKING DEAD"
"gizmodo",10,8,2,7,6.8,"4B","WALKING DEAD"
"independent",8,8,4,7,6.8,"4B","WALKING DEAD"
"people",6,6,6,9,6.8,"4B","WALKING DEAD"
"buzzfeed",6,8,3,9,6.5,"4B","WALKING DEAD"
"verge",8,6,5,7,6.5,"4B","WALKING DEAD"
"cbr",8,6,3,8,6.2,"4B","WALKING DEAD"
"newsweek",9,5,2,9,6.2,"4B","WALKING DEAD"
"avclub",6,6,8,4,6,"4B","WALKING DEAD"
"indiewire",6,4,8,6,6,"4B","WALKING DEAD"
"salon",7,6,4,6,5.8,"4B","WALKING DEAD"
"tvline",6,5,9,3,5.8,"4B","WALKING DEAD"
"cinemablend",8,6,7,1,5.5,"4B","WALKING DEAD"
"gamesradar",9,6,1,6,5.5,"4B","WALKING DEAD"
"nytimes",7,7,7,1,5.5,"4B","WALKING DEAD"
"cleveland",9,4,7,1,5.2,"4B","WALKING DEAD"
"comingsoon",7,3,9,2,5.2,"4B","WALKING DEAD"
"eonline",9,7,4,1,5.2,"4B","WALKING DEAD"
"fox",9,7,4,1,5.2,"4B","WALKING DEAD"
"ibtimes",8,5,6,2,5.2,"4B","WALKING DEAD"
"popsugar",7,7,4,3,5.2,"4B","WALKING DEAD"
"screenrant",7,5,7,2,5.2,"4B","WALKING DEAD"
"engadget",8,7,5,7,6.8,"5A","WALKING DEAD"
"gamespot",9,7,3,8,6.8,"5A","WALKING DEAD"
"gizmodo",10,8,2,7,6.8,"5A","WALKING DEAD"
"newyorktimes",7,5,8,7,6.8,"5A","WALKING DEAD"
"cbr",8,6,3,8,6.2,"5A","WALKING DEAD"
"newsweek",9,5,2,9,6.2,"5A","WALKING DEAD"
"salon",7,6,4,6,5.8,"5A","WALKING DEAD"
"gamesradar",9,6,1,6,5.5,"5A","WALKING DEAD"
"dailymail",6,9,5,1,5.2,"5A","WALKING DEAD"
"fox",9,7,4,1,5.2,"5A","WALKING DEAD"
"newyorkdailynews",9,2,5,5,5.2,"5A","WALKING DEAD"
"bostonglobe",7,3,5,5,5,"5A","WALKING DEAD"
"collider",7,3,8,2,5,"5A","WALKING DEAD"
"msn",7,8,4,1,5,"5A","WALKING DEAD"
"parade",7,6,6,1,5,"5A","WALKING DEAD"
"vogue",3,4,3,10,5,"5A","WALKING DEAD"
"ajc",8,5,5,1,4.8,"5A","WALKING DEAD"
"blastingnews",9,8,1,1,4.8,"5A","WALKING DEAD"
"digitaltrends",10,7,1,1,4.8,"5A","WALKING DEAD"
"fandom",10,7,1,1,4.8,"5A","WALKING DEAD"
"huffingtonpostlive",9,8,1,1,4.8,"5A","WALKING DEAD"
"nbcnews",10,7,1,1,4.8,"5A","WALKING DEAD"
"sfgate",6,7,5,1,4.8,"5A","WALKING DEAD"
"thr",10,7,1,1,4.8,"5A","WALKING DEAD"
"usnews",9,7,2,1,4.8,"5A","WALKING DEAD"
"imdb",6,10,7,8,7.8,"5B","WALKING DEAD"
"vanityfair",9,5,6,8,7,"5B","WALKING DEAD"
"gamespot",9,7,3,8,6.8,"5B","WALKING DEAD"
"gizmodo",10,8,2,7,6.8,"5B","WALKING DEAD"
"newyorktimes",7,5,8,7,6.8,"5B","WALKING DEAD"
"verge",8,6,5,7,6.5,"5B","WALKING DEAD"
"cbr",8,6,3,8,6.2,"5B","WALKING DEAD"
"newsweek",9,5,2,9,6.2,"5B","WALKING DEAD"
"salon",7,6,4,6,5.8,"5B","WALKING DEAD"
"gamesradar",9,6,1,6,5.5,"5B","WALKING DEAD"
"fox",9,7,4,1,5.2,"5B","WALKING DEAD"
"newyorkdailynews",9,2,5,5,5.2,"5B","WALKING DEAD"
"popsugar",7,7,4,3,5.2,"5B","WALKING DEAD"
"refinery29",3,6,2,10,5.2,"5B","WALKING DEAD"
"bostonglobe",7,3,5,5,5,"5B","WALKING DEAD"
"collider",7,3,8,2,5,"5B","WALKING DEAD"
"msn",7,8,4,1,5,"5B","WALKING DEAD"
"parade",7,6,6,1,5,"5B","WALKING DEAD"
"rottentomatoes",6,7,6,1,5,"5B","WALKING DEAD"
"vogue",3,4,3,10,5,"5B","WALKING DEAD"
"aptv",10,6,2,1,4.8,"5B","WALKING DEAD"
"blastingnews",9,8,1,1,4.8,"5B","WALKING DEAD"
"digitaltrends",10,7,1,1,4.8,"5B","WALKING DEAD"
"fandom",10,7,1,1,4.8,"5B","WALKING DEAD"
"goodmorningamerica",6,4,1,8,4.8,"5B","WALKING DEAD"
"imdb",6,10,7,8,7.8,"6A","WALKING DEAD"
"deadline",7,5,10,5,6.8,"6A","WALKING DEAD"
"engadget",8,7,5,7,6.8,"6A","WALKING DEAD"
"gamespot",9,7,3,8,6.8,"6A","WALKING DEAD"
"gizmodo",10,8,2,7,6.8,"6A","WALKING DEAD"
"independent",8,8,4,7,6.8,"6A","WALKING DEAD"
"newyorktimes",7,5,8,7,6.8,"6A","WALKING DEAD"
"buzzfeed",6,8,3,9,6.5,"6A","WALKING DEAD"
"cbr",8,6,3,8,6.2,"6A","WALKING DEAD"
"newsweek",9,5,2,9,6.2,"6A","WALKING DEAD"
"cnn",9,8,5,1,5.8,"6A","WALKING DEAD"
"salon",7,6,4,6,5.8,"6A","WALKING DEAD"
"dailybeast",5,6,5,6,5.5,"6A","WALKING DEAD"
"gamesradar",9,6,1,6,5.5,"6A","WALKING DEAD"
"washingtonpost",6,7,8,1,5.5,"6A","WALKING DEAD"
"businessinsider",7,8,5,1,5.2,"6A","WALKING DEAD"
"comingsoon",7,3,9,2,5.2,"6A","WALKING DEAD"
"dailymail",6,9,5,1,5.2,"6A","WALKING DEAD"
"ibtimes",8,5,6,2,5.2,"6A","WALKING DEAD"
"newyorkdailynews",9,2,5,5,5.2,"6A","WALKING DEAD"
"popsugar",7,7,4,3,5.2,"6A","WALKING DEAD"
"refinery29",3,6,2,10,5.2,"6A","WALKING DEAD"
"screenrant",7,5,7,2,5.2,"6A","WALKING DEAD"
"bostonglobe",7,3,5,5,5,"6A","WALKING DEAD"
"bustle",7,6,6,1,5,"6A","WALKING DEAD"
"imdb",6,10,7,8,7.8,"6B","WALKING DEAD"
"engadget",8,7,5,7,6.8,"6B","WALKING DEAD"
"gamespot",9,7,3,8,6.8,"6B","WALKING DEAD"
"gizmodo",10,8,2,7,6.8,"6B","WALKING DEAD"
"people",6,6,6,9,6.8,"6B","WALKING DEAD"
"buzzfeed",6,8,3,9,6.5,"6B","WALKING DEAD"
"verge",8,6,5,7,6.5,"6B","WALKING DEAD"
"wallstreetjournal",6,5,5,10,6.5,"6B","WALKING DEAD"
"cbr",8,6,3,8,6.2,"6B","WALKING DEAD"
"newsweek",9,5,2,9,6.2,"6B","WALKING DEAD"
"avclub",6,6,8,4,6,"6B","WALKING DEAD"
"indiewire",6,4,8,6,6,"6B","WALKING DEAD"
"losangelestimes",5,5,7,7,6,"6B","WALKING DEAD"
"cnn",9,8,5,1,5.8,"6B","WALKING DEAD"
"salon",7,6,4,6,5.8,"6B","WALKING DEAD"
"dailybeast",5,6,5,6,5.5,"6B","WALKING DEAD"
"gamesradar",9,6,1,6,5.5,"6B","WALKING DEAD"
"nytimes",7,7,7,1,5.5,"6B","WALKING DEAD"
"vulture",6,4,8,4,5.5,"6B","WALKING DEAD"
"businessinsider",7,8,5,1,5.2,"6B","WALKING DEAD"
"fox",9,7,4,1,5.2,"6B","WALKING DEAD"
"latimes",6,6,8,1,5.2,"6B","WALKING DEAD"
"screenrant",7,5,7,2,5.2,"6B","WALKING DEAD"
"bostonglobe",7,3,5,5,5,"6B","WALKING DEAD"
"bustle",7,6,6,1,5,"6B","WALKING DEAD"
"gamespot",9,7,3,8,6.8,"7A","WALKING DEAD"
"gizmodo",10,8,2,7,6.8,"7A","WALKING DEAD"
"independent",8,8,4,7,6.8,"7A","WALKING DEAD"
"buzzfeed",6,8,3,9,6.5,"7A","WALKING DEAD"
"wallstreetjournal",6,5,5,10,6.5,"7A","WALKING DEAD"
"newsweek",9,5,2,9,6.2,"7A","WALKING DEAD"
"losangelestimes",5,5,7,7,6,"7A","WALKING DEAD"
"gamesradar",9,6,1,6,5.5,"7A","WALKING DEAD"
"washingtonpost",6,7,8,1,5.5,"7A","WALKING DEAD"
"dailymail",6,9,5,1,5.2,"7A","WALKING DEAD"
"fox",9,7,4,1,5.2,"7A","WALKING DEAD"
"bostonglobe",7,3,5,5,5,"7A","WALKING DEAD"
"moviefone",9,5,5,1,5,"7A","WALKING DEAD"
"msn",7,8,4,1,5,"7A","WALKING DEAD"
"parade",7,6,6,1,5,"7A","WALKING DEAD"
"vogue",3,4,3,10,5,"7A","WALKING DEAD"
"aptv",10,6,2,1,4.8,"7A","WALKING DEAD"
"blastingnews",9,8,1,1,4.8,"7A","WALKING DEAD"
"broadwayworld",6,2,8,3,4.8,"7A","WALKING DEAD"
"digitaltrends",10,7,1,1,4.8,"7A","WALKING DEAD"
"examiner",9,5,4,1,4.8,"7A","WALKING DEAD"
"fandom",10,7,1,1,4.8,"7A","WALKING DEAD"
"huffingtonpostlive",9,8,1,1,4.8,"7A","WALKING DEAD"
"justjared",6,4,4,5,4.8,"7A","WALKING DEAD"
"metro",8,5,5,1,4.8,"7A","WALKING DEAD"
"imdb",6,10,7,8,7.8,"7B","WALKING DEAD"
"gamespot",9,7,3,8,6.8,"7B","WALKING DEAD"
"gizmodo",10,8,2,7,6.8,"7B","WALKING DEAD"
"people",6,6,6,9,6.8,"7B","WALKING DEAD"
"buzzfeed",6,8,3,9,6.5,"7B","WALKING DEAD"
"verge",8,6,5,7,6.5,"7B","WALKING DEAD"
"cbr",8,6,3,8,6.2,"7B","WALKING DEAD"
"newsweek",9,5,2,9,6.2,"7B","WALKING DEAD"
"wrap",8,4,8,5,6.2,"7B","WALKING DEAD"
"cnn",9,8,5,1,5.8,"7B","WALKING DEAD"
"salon",7,6,4,6,5.8,"7B","WALKING DEAD"
"cinemablend",8,6,7,1,5.5,"7B","WALKING DEAD"
"gamesradar",9,6,1,6,5.5,"7B","WALKING DEAD"
"nytimes",7,7,7,1,5.5,"7B","WALKING DEAD"
"dailymail",6,9,5,1,5.2,"7B","WALKING DEAD"
"fox",9,7,4,1,5.2,"7B","WALKING DEAD"
"latimes",6,6,8,1,5.2,"7B","WALKING DEAD"
"newyorkdailynews",9,2,5,5,5.2,"7B","WALKING DEAD"
"popsugar",7,7,4,3,5.2,"7B","WALKING DEAD"
"bostonglobe",7,3,5,5,5,"7B","WALKING DEAD"
"bustle",7,6,6,1,5,"7B","WALKING DEAD"
"collider",7,3,8,2,5,"7B","WALKING DEAD"
"hollywoodlife",6,5,5,4,5,"7B","WALKING DEAD"
"msn",7,8,4,1,5,"7B","WALKING DEAD"
"parade",7,6,6,1,5,"7B","WALKING DEAD"
"people",6,6,6,9,6.8,"8A","WALKING DEAD"
"buzzfeed",6,8,3,9,6.5,"8A","WALKING DEAD"
"huffingtonpost",9,8,6,1,6,"8A","WALKING DEAD"
"salon",7,6,4,6,5.8,"8A","WALKING DEAD"
"dailybeast",5,6,5,6,5.5,"8A","WALKING DEAD"
"nytimes",7,7,7,1,5.5,"8A","WALKING DEAD"
"eonline",9,7,4,1,5.2,"8A","WALKING DEAD"
"latimes",6,6,8,1,5.2,"8A","WALKING DEAD"
"bostonglobe",7,3,5,5,5,"8A","WALKING DEAD"
"vogue",3,4,3,10,5,"8A","WALKING DEAD"
"wsj",6,7,6,1,5,"8A","WALKING DEAD"
"aptv",10,6,2,1,4.8,"8A","WALKING DEAD"
"broadwayworld",6,2,8,3,4.8,"8A","WALKING DEAD"
"examiner",9,5,4,1,4.8,"8A","WALKING DEAD"
"goodmorningamerica",6,4,1,8,4.8,"8A","WALKING DEAD"
"huffingtonpostlive",9,8,1,1,4.8,"8A","WALKING DEAD"
"nbcnews",10,7,1,1,4.8,"8A","WALKING DEAD"
"sfgate",6,7,5,1,4.8,"8A","WALKING DEAD"
"conan",9,7,1,1,4.5,"8A","WALKING DEAD"
"nypost",7,5,5,1,4.5,"8A","WALKING DEAD"
"411mania",8,3,5,1,4.2,"8A","WALKING DEAD"
"chron",7,7,2,1,4.2,"8A","WALKING DEAD"
"comicbookresources",7,2,5,3,4.2,"8A","WALKING DEAD"
"complex",5,5,6,1,4.2,"8A","WALKING DEAD"
"gq",4,4,3,6,4.2,"8A","WALKING DEAD"
"imdb",6,10,7,8,7.8,"8B","WALKING DEAD"
"gizmodo",10,8,2,7,6.8,"8B","WALKING DEAD"
"people",6,6,6,9,6.8,"8B","WALKING DEAD"
"wallstreetjournal",6,5,5,10,6.5,"8B","WALKING DEAD"
"newsweek",9,5,2,9,6.2,"8B","WALKING DEAD"
"huffingtonpost",9,8,6,1,6,"8B","WALKING DEAD"
"cnn",9,8,5,1,5.8,"8B","WALKING DEAD"
"salon",7,6,4,6,5.8,"8B","WALKING DEAD"
"dailybeast",5,6,5,6,5.5,"8B","WALKING DEAD"
"businessinsider",7,8,5,1,5.2,"8B","WALKING DEAD"
"dailymail",6,9,5,1,5.2,"8B","WALKING DEAD"
"eonline",9,7,4,1,5.2,"8B","WALKING DEAD"
"ibtimes",8,5,6,2,5.2,"8B","WALKING DEAD"
"latimes",6,6,8,1,5.2,"8B","WALKING DEAD"
"refinery29",3,6,2,10,5.2,"8B","WALKING DEAD"
"bostonglobe",7,3,5,5,5,"8B","WALKING DEAD"
"collider",7,3,8,2,5,"8B","WALKING DEAD"
"moviefone",9,5,5,1,5,"8B","WALKING DEAD"
"msn",7,8,4,1,5,"8B","WALKING DEAD"
"parade",7,6,6,1,5,"8B","WALKING DEAD"
"vogue",3,4,3,10,5,"8B","WALKING DEAD"
"wsj",6,7,6,1,5,"8B","WALKING DEAD"
"aptv",10,6,2,1,4.8,"8B","WALKING DEAD"
"blastingnews",9,8,1,1,4.8,"8B","WALKING DEAD"
"examiner",9,5,4,1,4.8,"8B","WALKING DEAD"
"mashable",7,7,6,9,7.2,"9A","WALKING DEAD"
"independent",8,8,4,7,6.8,"9A","WALKING DEAD"
"buzzfeed",6,8,3,9,6.5,"9A","WALKING DEAD"
"verge",8,6,5,7,6.5,"9A","WALKING DEAD"
"wallstreetjournal",6,5,5,10,6.5,"9A","WALKING DEAD"
"losangelestimes",5,5,7,7,6,"9A","WALKING DEAD"
"usweekly",7,5,5,7,6,"9A","WALKING DEAD"
"salon",7,6,4,6,5.8,"9A","WALKING DEAD"
"dailybeast",5,6,5,6,5.5,"9A","WALKING DEAD"
"nytimes",7,7,7,1,5.5,"9A","WALKING DEAD"
"usatoday",6,7,8,1,5.5,"9A","WALKING DEAD"
"eonline",9,7,4,1,5.2,"9A","WALKING DEAD"
"fox",9,7,4,1,5.2,"9A","WALKING DEAD"
"ibtimes",8,5,6,2,5.2,"9A","WALKING DEAD"
"newyorkdailynews",9,2,5,5,5.2,"9A","WALKING DEAD"
"refinery29",3,6,2,10,5.2,"9A","WALKING DEAD"
"bostonglobe",7,3,5,5,5,"9A","WALKING DEAD"
"msn",7,8,4,1,5,"9A","WALKING DEAD"
"parade",7,6,6,1,5,"9A","WALKING DEAD"
"vogue",3,4,3,10,5,"9A","WALKING DEAD"
"wsj",6,7,6,1,5,"9A","WALKING DEAD"
"aptv",10,6,2,1,4.8,"9A","WALKING DEAD"
"examiner",9,5,4,1,4.8,"9A","WALKING DEAD"
"goodmorningamerica",6,4,1,8,4.8,"9A","WALKING DEAD"
"huffingtonpostlive",9,8,1,1,4.8,"9A","WALKING DEAD"
